Group Name,Year,Month,Date,Weekday,Time,Who,Chat Content,Category,Subcategory
BNO英國討論區,2024,October,8,Tuesday,11:36:57,,"住薄扶林的朋友仔睇下似唔似
https://youtu.be/75KlRM69eG4?si=_E1YGzikyhPW17Ag",Uncategorized,Uncategorized
BNO英國討論區,2024,October,5,Saturday,8:31:37,World_1212,"👹 真心救災都會俾人拉，美共 #DeepState 真係好L惡。👹

https://t.me/nikkimiumiunews/30511

https://t.me/peacecombatresistance_data/2265

#氣象武器 #WeatherControl",Uncategorized,Uncategorized
BNO英國討論區,2024,October,5,Saturday,8:25:49,World_1212,,Uncategorized,Uncategorized
BNO英國討論區,2024,October,5,Saturday,8:24:47,World_1212,,Uncategorized,Uncategorized
BNO英國討論區,2024,October,5,Saturday,8:24:46,World_1212,,Uncategorized,Uncategorized
BNO英國討論區,2024,October,5,Saturday,8:24:46,World_1212,,Uncategorized,Uncategorized
BNO英國討論區,2024,October,5,Saturday,8:24:45,World_1212,"（重發）

可薩暴徒們指派撒旦地的中國共產黨CCP 利用洛克菲勒的聯合國和比爾蓋茨的WHO 世界衛生組織作為特洛伊木馬的木馬以超限戰Unrestricted Warfare 的方式來佔領美國。",Uncategorized,Uncategorized
BNO英國討論區,2024,October,5,Saturday,7:33:23,SangMata_BOT,User `907130941` changed username from singingintherain91 to carefreeattitude,Uncategorized,Uncategorized
BNO英國討論區,2024,October,5,Saturday,7:00:19,,"父亲生前欠银行40万，银行要求女儿偿还，女儿的做法很棒

**欢迎您加入** 🥗[『视讯快报』](https://t.me/shixun160)",Uncategorized,Uncategorized
BNO英國討論區,2024,October,5,Saturday,2:11:12,GroupHelpBot,"Hi, Sukikibon 謝謝加入，歡迎分享及討論有關BNO問題及移英生活，請訂閱",Uncategorized,Uncategorized
BNO英國討論區,2024,October,4,Friday,11:07:37,,https://youtu.be/D5r9Fa80LDo?si=ZJhHOFwuykDoGjfb,Uncategorized,Uncategorized
BNO英國討論區,2024,October,3,Thursday,12:40:44,IamZero578,@zfanman 俄佬掟核彈，大家玩完啦,Uncategorized,Uncategorized
BNO英國討論區,2024,October,3,Thursday,12:40:04,SangMata_BOT,User `1698033068` changed name from 居住劏房 綜援渡日 to 220年醫院令 服刑中,Uncategorized,Uncategorized
BNO英國討論區,2024,October,3,Thursday,12:40:03,IamZero578,https://www.google.com/amp/s/metro.co.uk/2024/09/30/putins-mouthpiece-warns-dictator-unleash-london-nuclear-attack-21704675/amp/,Uncategorized,Uncategorized
BNO英國討論區,2024,October,2,Wednesday,8:36:36,SangMata_BOT,User `7314044378` changed name from Damien Britt to Dami 各国苹果id来做单子,Uncategorized,Uncategorized
BNO英國討論區,2024,October,2,Wednesday,8:32:26,LaLaLamLa88,請教各位.我在香港公立醫院睇開同攞開藥.預計下年年頭5+1來英國.要問政府醫院攞咩文件可以到英國后續領藥,Uncategorized,Uncategorized
BNO英國討論區,2024,October,1,Tuesday,21:56:55,SangMata_BOT,User `916023895` changed name from 重要的是勇氣 to 東山惠理沙係我條女葉月沙蘭係我前女涼海係我表妹 我啲女支持香港獨立 認同龍獅旗嘅精神,Uncategorized,Uncategorized
BNO英國討論區,2024,October,1,Tuesday,20:51:29,zfanman,住宿settle down左啦?,Uncategorized,Uncategorized
BNO食買玩討論區🍡🛒🎢,2024,November,1,Friday,12:06:40,,https://youtu.be/6cgy8YvL00A?si=sQKZxUFOuL6EYS1O,Uncategorized,Uncategorized
BNO食買玩討論區🍡🛒🎢,2024,October,30,Wednesday,16:00:49,GroupHelpBot,"Hi, 歡迎 Philip Law",Uncategorized,Uncategorized
BNO食買玩討論區🍡🛒🎢,2024,October,29,Tuesday,11:38:34,,https://youtu.be/n4Flcllu9WA?si=N86TpoJ6WeJkN0YG,Uncategorized,Uncategorized
BNO食買玩討論區🍡🛒🎢,2024,October,28,Monday,23:08:34,zfanman,"佢只係""自稱香港大律師""",Uncategorized,Uncategorized
BNO食買玩討論區🍡🛒🎢,2024,October,28,Monday,23:08:09,zfanman,https://hk.news.yahoo.com/%E6%B9%96%E5%8D%97%E6%B5%B7%E5%BA%95%E6%92%88mma-%E9%A6%99%E6%B8%AF%E5%A4%A7%E5%BE%8B%E5%B8%AB-%E8%A2%AB%E5%81%BD%E5%A8%98%E9%A8%8E%E4%BD%8F%E6%89%93-%E8%A2%AB%E5%98%B2%E5%A6%82%E6%AD%A6%E6%9D%BE%E6%89%93%E8%99%8E-%E6%9C%89%E7%89%87-025300789.html?guccounter=1&guce_referrer=aHR0cHM6Ly93d3cuZ29vZ2xlLmNvbS8&guce_referrer_sig=AQAAAJzDBp09qeu0MK6R1t5SontGvKjSzA9HF3oEzS7jvEpkjFcTzug02b-UzC_i-GZ_rY-AK6vOD_6Bp8JwOWtV2w-wCF8gYSvFae1RuDjZlXr2H05tUHAMbxcUb5xtlT3hDXUhhEAboFb-XqajZW6ATpTdWg3UYlVF7b_cmfo2ks97,Uncategorized,Uncategorized
BNO食買玩討論區🍡🛒🎢,2024,October,26,Saturday,23:32:14,zfanman,,Uncategorized,Uncategorized
BNO食買玩討論區🍡🛒🎢,2024,October,26,Saturday,20:07:10,zfanman,,Uncategorized,Uncategorized
BNO食買玩討論區🍡🛒🎢,2024,October,26,Saturday,10:30:44,zfanman,,Uncategorized,Uncategorized
BNO食買玩討論區🍡🛒🎢,2024,October,25,Friday,18:15:38,GroupHelpBot,"Hi, 歡迎 V N",Uncategorized,Uncategorized
BNO食買玩討論區🍡🛒🎢,2024,October,25,Friday,11:20:44,,https://youtu.be/8i9r7jBoIFw?si=2zJX8LEjAlpah8N0,Uncategorized,Uncategorized
BNO食買玩討論區🍡🛒🎢,2024,October,23,Wednesday,10:31:37,zfanman,https://www.instagram.com/reel/DBAW3U8yR5A/?igsh=NXpmNjlpMDVsczhu,Uncategorized,Uncategorized
BNO食買玩討論區🍡🛒🎢,2024,October,22,Tuesday,11:06:42,,https://youtu.be/O_FnItqO6nM?si=xk7Zqp3SVVc53GGs,Uncategorized,Uncategorized
BNO食買玩討論區🍡🛒🎢,2024,October,21,Monday,22:12:12,zfanman,,Uncategorized,Uncategorized
BNO食買玩討論區🍡🛒🎢,2024,October,21,Monday,17:56:53,zfanman,"《跨國City Hunt 競賽🏃‍♂️‍➡️⁉️》

係同一個地區比賽就聽得多，你有冇玩過跨國比賽？🎃萬聖節快到，約左朋友出去玩未？不如今年萬聖節約埋香港嘅朋友一齊玩啦！

香港嘅TeamUnlock+將會舉辦🎃萬聖節限定🎃嘅戶外解謎：《沉船前的最後90分鐘🛳 》，各國城市同步進行，就算係倫敦都可以參加，並爭取最高排名！TeamUnlock+亦為小朋友打造較易版本，完成任務仲有參加獎狀🏆！

🌟 推理戶外解謎將係倫敦嘅騎士橋區舉行，完成刺激遊戲後，仲可以欣賞周邊歷史建築，係一個最佳一日遊計劃！

🔥 優惠大放送：
1. 叫你朋友買香港場門票 🇭🇰 ＞ 送海外場3折dicount code (折後HKD$180，dicount code隨購票email發放)
2. 🐣 官網登記早鳥5折（折後$300/6位，**早鳥優惠將於至10月16日截止**)

大家有興趣嘅話可以撳下呢條link，裡面會詳細咁介紹成個活動玩法同埋購票資訊👇：
[https://www.teamunlock.me/event-details-1/the-last-90-minutes-before-the-shipwreck-in-knightsbridge-london](https://www.teamunlock.me/event-details-1/the-last-90-minutes-before-the-shipwreck-in-knightsbridge-london)

🎃萬聖節限定🎃《沉船前的最後90分鐘🛳 》
📍活動區域：騎士橋區
📍活動日期：10月26日-10月27日(BST)
📍活動時間：14:00 - 20:30 (BST)
📍遊戲語言：中英文雙語介面
📍玩家人數上限：6人／隊 （建議最少人數為2人）
📍預計解謎需時：90分鐘
📍衣著建議：萬聖節服裝 
任何疑問，歡迎DM／撳info wts 搵客服

[Yt](https://youtube.com/@teamunlockplus?si=Nx5aKFiI2Fp1oZuv)
[Ig](https://www.instagram.com/team.unlock.plus/)
[Fb](https://www.facebook.com/profile.php?id=61559551018754)

Email: info@teamunlock.me
Whatsapp: [https://api.whatsapp.com/send?phone=85284159111](https://api.whatsapp.com/send?phone=85284159111)",Uncategorized,Uncategorized
BNO食買玩討論區🍡🛒🎢,2024,October,20,Sunday,14:56:25,GroupHelpBot,"Hi, 歡迎 日本デリバリーヘルス",Uncategorized,Uncategorized
BNO食買玩討論區🍡🛒🎢,2024,October,17,Thursday,10:39:54,,https://youtu.be/i-qpSeBzcyw?si=4aIYSEp9ar17OfKl,Uncategorized,Uncategorized
BNO食買玩討論區🍡🛒🎢,2024,October,17,Thursday,2:00:43,zfanman,好中 形容到老華僑網軍班撚屌,Uncategorized,Uncategorized
BNO食買玩討論區🍡🛒🎢,2024,October,17,Thursday,2:00:25,zfanman,https://www.instagram.com/reel/C_M4RJLS0za/?igsh=MW5pM3YzazN2OXE4Yw==,Uncategorized,Uncategorized
BNO食買玩討論區🍡🛒🎢,2024,October,16,Wednesday,18:29:22,zfanman,https://www.instagram.com/reel/DAgJdwoANA1/?igsh=ODdid3FkMWtpOTRy,Uncategorized,Uncategorized
BNO食買玩討論區🍡🛒🎢,2024,October,15,Tuesday,12:06:50,GroupHelpBot,"Hi, 歡迎 Cmbpk Bbmx",Uncategorized,Uncategorized
BNO食買玩討論區🍡🛒🎢,2024,October,15,Tuesday,11:03:21,,https://youtu.be/sW7eqP53CBA?si=8i8es7BtNnMeA4YS,Uncategorized,Uncategorized
BNO食買玩討論區🍡🛒🎢,2024,October,13,Sunday,1:14:51,ssfanman,https://youtube.com/shorts/pUQ6E_63A1w?si=ydt35RPfOpGnxqUw,Uncategorized,Uncategorized
BNO食買玩討論區🍡🛒🎢,2024,October,13,Sunday,0:31:27,GroupHelpBot,"Hi, 歡迎 Kelvin Chan",Uncategorized,Uncategorized
BNO食買玩討論區🍡🛒🎢,2024,October,11,Friday,17:17:47,zfanman,https://www.youtube.com/watch?v=FBSBryW5Ybc,Uncategorized,Uncategorized
BNO食買玩討論區🍡🛒🎢,2024,October,11,Friday,12:58:27,,https://youtu.be/q_FfPrnDDkQ?si=FgN9M-A5RKxrS6kE,Uncategorized,Uncategorized
BNO食買玩討論區🍡🛒🎢,2024,October,9,Wednesday,8:20:19,GroupHelpBot,"Hi, 歡迎 棒棒糖🍭超甜",Uncategorized,Uncategorized
BNO食買玩討論區🍡🛒🎢,2024,October,8,Tuesday,11:37:11,,"住薄扶林的朋友仔睇下似唔似
https://youtu.be/75KlRM69eG4?si=_E1YGzikyhPW17Ag",Uncategorized,Uncategorized
BNO食買玩討論區🍡🛒🎢,2024,October,4,Friday,23:09:03,GroupHelpBot,"Hi, 歡迎 M M",Uncategorized,Uncategorized
BNO食買玩討論區🍡🛒🎢,2024,October,4,Friday,11:08:30,,https://youtu.be/D5r9Fa80LDo?si=ZJhHOFwuykDoGjfb,Uncategorized,Uncategorized
BNO食買玩討論區🍡🛒🎢,2024,October,2,Wednesday,22:02:28,zfanman,https://www.youtube.com/watch?v=26NTtcmJuwQ,Uncategorized,Uncategorized
🇬🇧 齊向Manchester出發🇬🇧 香港人加油🇭🇰,2024,November,1,Friday,10:13:26,Aqabu,https://youtu.be/6cgy8YvL00A?si=xQayea3rjJJbEV-e,Uncategorized,Uncategorized
🇬🇧 齊向Manchester出發🇬🇧 香港人加油🇭🇰,2024,October,30,Wednesday,19:10:58,speakandmove,"公黨首份財政預算案出爐：軍費加接近30億鎊，軍人有望今年內第二次加薪？

之前一直有傳工黨上場會cut 軍隊budget ，點知今朝新一份budget 其中一個著眼點係直接加30億鎊。其中一部份會用嚟加軍人嘅人工，而且會date back番今年4月：
/The Chancellor is set to announce an increase in the defence budget for next year in her fiscal statement in the Commons on Wednesday, part of which will be used to give soldiers a pay rise backdated to April, the Telegraph reported./
而筆錢亦會用嚟買新槍。

其實今年英軍已經加咗一次人工係6%，連同再上一年嘅5%+1k，當時已經被稱為十年嚟最大加幅。如果今次真係再加，相信會吸引一啲因為近年相對私人市場偏低人工而卻步嘅人重新考慮參軍。",Uncategorized,Uncategorized
🇬🇧 齊向Manchester出發🇬🇧 香港人加油🇭🇰,2024,October,29,Tuesday,21:58:14,THCIC_AM,"CLS Hair Studio x Trafford Hongkongers CIC 義剪活動

CLS Hair Studio 將於2024年11月12日(二) 為指定群組人士*提供義剪服務，名額24位，報名從速！
*包括：難民、政治庇護申請者、已撤銷NRPF限制之家庭成員、65歲或以上長者、單親家庭成員及殘疾人士。你須向 Trafford Hongkongers CIC 出示證明作實。

報名：
https://www.eventbrite.co.uk/e/1065679619429",Uncategorized,Uncategorized
🇬🇧 齊向Manchester出發🇬🇧 香港人加油🇭🇰,2024,October,29,Tuesday,10:45:08,Aqabu,https://youtu.be/n4Flcllu9WA?si=Ku-wil1jR2pMcEtX,Uncategorized,Uncategorized
🇬🇧 齊向Manchester出發🇬🇧 香港人加油🇭🇰,2024,October,27,Sunday,20:43:27,horfoonhaytg,"星架坡李家後人身份咁顯赫喺英國claim asylum都要兩年先claim到，鄭西朗自己話自己出名所以claim快過其他人。

外人可能唔知，根本鄭西朗批嗰期就係辛偉誠要求清Case，嗰期批咗同refuse咗大量香港人，佢只不過係隊頭就喺度牙擦擦話自己出名。

啲手joke等咗兩三年冇批都係因為西亞東歐開炮搞到HO無暇顧及。

況且鄭西朗claim到asylum之前根本冇人識佢，佢最出名未拍reels囉。然後啲手joke未瞓街，去supermarket 停車場執一蚊大餅囉！

本台成日想知唔計啲區佬啲大大聲話自己批咗嘅人屋企有冇畀人搞，尤其嗰啲可以喺黃媒露樣話自己理大拉暴動，一大堆人送機嗰啲。

https://www.bbc.com/zhongwen/trad/world-69436209

#何歡喜",Uncategorized,Uncategorized
🇬🇧 齊向Manchester出發🇬🇧 香港人加油🇭🇰,2024,October,27,Sunday,20:17:30,latteju,都係用theory 4 in 1齋操佢啲題，bookmark低錯嗰啲再睇多幾次，做晒就做佢個mock test咁,Uncategorized,Uncategorized
🇬🇧 齊向Manchester出發🇬🇧 香港人加油🇭🇰,2024,October,27,Sunday,19:44:26,Uncleblackcatbbch,有無theory test雞精,Uncategorized,Uncategorized
🇬🇧 齊向Manchester出發🇬🇧 香港人加油🇭🇰,2024,October,26,Saturday,6:19:53,,,Uncategorized,Uncategorized
🇬🇧 齊向Manchester出發🇬🇧 香港人加油🇭🇰,2024,October,26,Saturday,6:19:53,,10月26日，星期六，曼城撐烏克蘭集會，地點：St. Peter's Square ，2時至3時半,Uncategorized,Uncategorized
🇬🇧 齊向Manchester出發🇬🇧 香港人加油🇭🇰,2024,October,25,Friday,17:48:14,AlpacaAlpaca,,Uncategorized,Uncategorized
🇬🇧 齊向Manchester出發🇬🇧 香港人加油🇭🇰,2024,October,25,Friday,12:00:45,Aqabu,https://youtu.be/8i9r7jBoIFw?si=TPiyCoELObfzBJAE,Uncategorized,Uncategorized
🇬🇧 齊向Manchester出發🇬🇧 香港人加油🇭🇰,2024,October,24,Thursday,0:36:00,lee_cheongsan,"【用Octopus的用戶有福了！】

自家製一Click即睇實時Argile電費。

唔使Login，唔使左襟右襟，真正一Click即睇！係一Click即睇呀呀呀呀。

仲可以睇埋隔離區價錢添！

https://play.google.com/store/apps/details?id=octopus.energy.pricechecker",Uncategorized,Uncategorized
🇬🇧 齊向Manchester出發🇬🇧 香港人加油🇭🇰,2024,October,22,Tuesday,11:07:02,captaincatho,好，唔該😘,Uncategorized,Uncategorized
🇬🇧 齊向Manchester出發🇬🇧 香港人加油🇭🇰,2024,October,22,Tuesday,10:49:47,Aqabu,https://youtu.be/O_FnItqO6nM?si=quL9IlJx3BOgHI1A,Uncategorized,Uncategorized
🇬🇧 齊向Manchester出發🇬🇧 香港人加油🇭🇰,2024,October,22,Tuesday,9:11:42,latteju,你搵個近屋企嘅場book咗先，可以免費改期改試場，唔記得係咪可以免費改6次,Uncategorized,Uncategorized
🇬🇧 齊向Manchester出發🇬🇧 香港人加油🇭🇰,2024,October,22,Tuesday,9:01:20,latteju,我考完theory test 就即刻book路試，我係補鐘，係美國牌唔可以直換，上咗一次堂，師傅叫我改個近啲嘅考場方便啲去操，原本係book咗10月10號，但改考場已去到一月頭，前排醒起新年頭可能難啲夾補鐘時間，所以諗住再改時間,Uncategorized,Uncategorized
🇬🇧 齊向Manchester出發🇬🇧 香港人加油🇭🇰,2024,October,22,Tuesday,5:31:21,captaincatho,如果去到3月幾先考，太早上又無手感,Uncategorized,Uncategorized
🇬🇧 齊向Manchester出發🇬🇧 香港人加油🇭🇰,2024,October,22,Tuesday,5:30:45,captaincatho,想問你係報完路試先再上堂夾個考期定邊上堂邊報？,Uncategorized,Uncategorized
🇬🇧 齊向Manchester出發🇬🇧 香港人加油🇭🇰,2024,October,22,Tuesday,1:21:20,Customize_Captcha_Bot,"[Chainsmokers](tg://user?id=939438395)，請在**10**秒內回答問題
721地點",Uncategorized,Uncategorized
🇬🇧 齊向Manchester出發🇬🇧 香港人加油🇭🇰,2024,October,21,Monday,14:41:42,captaincatho,我連堂都未報😂,Uncategorized,Uncategorized
🇬🇧 齊向Manchester出發🇬🇧 香港人加油🇭🇰,2024,October,21,Monday,14:29:31,latteju,合格而你又急住考路試嘅要盡快book，我前幾日睇已去到下年3月幾先有位考,Uncategorized,Uncategorized
🇬🇧 齊向Manchester出發🇬🇧 香港人加油🇭🇰,2024,October,21,Monday,14:27:23,latteju,係，考完出返去等叫名拎成績，會寫你每part拎到幾分,Uncategorized,Uncategorized
🇬🇧 齊向Manchester出發🇬🇧 香港人加油🇭🇰,2024,October,21,Monday,10:55:26,captaincatho,係咪即刻知結果？,Uncategorized,Uncategorized
🇬🇧 齊向Manchester出發🇬🇧 香港人加油🇭🇰,2024,October,21,Monday,8:24:38,latteju,我係操晒佢有嘅再做埋佢mock test，原本最驚呢part但考嗰時呢part高分過MC，佢個mon幾大易睇好多唔使驚,Uncategorized,Uncategorized
🇬🇧 齊向Manchester出發🇬🇧 香港人加油🇭🇰,2024,October,19,Saturday,15:48:26,speakandmove,"我哋會員成功過到軍訓passing out 已經唔係咩新鮮事，但今次唔可以唔講，因為我哋終於出到第一位女兵！

琴日我哋其中一位admin 入咗Pirbright接放學， 就係為咗見證呢個歷史性一刻。其實本谷會員唔只得呢位師妹，只係佢最早成功入伍。

同日亦有幸見到而家已經非常忙碌、第一位成功參軍嘅「大師兄」，傾談起嚟都相當感概。由佢當年行好多冤枉路，到而家我哋已經好有系統咁由報名到測試到軍訓，都有哂準備同tips，呢三年幾嚟我哋真係發展咗好多。

由第一位成功參軍嘅BNO visa，到第一位BNO visa 女兵，我哋仲會唔會更多第一位？其實好快就有，但本住未成功就唔出聲嘅宗旨，就先容許我哋賣個關子。

祝香港人繼續武運亨隆！",Uncategorized,Uncategorized
🇬🇧 齊向Manchester出發🇬🇧 香港人加油🇭🇰,2024,October,19,Saturday,6:20:27,CCCCCMint,Cls,Uncategorized,Uncategorized
🇬🇧 齊向Manchester出發🇬🇧 香港人加油🇭🇰,2024,October,19,Saturday,6:01:52,,我見唐人街有幾間髮型屋 果幾間剪男仔頭掂唔掂?,Uncategorized,Uncategorized
🇬🇧 齊向Manchester出發🇬🇧 香港人加油🇭🇰,2024,October,18,Friday,23:31:17,HKIndependenxe,有朋友喺嗰度剪過，負評,Uncategorized,Uncategorized
🇬🇧 齊向Manchester出發🇬🇧 香港人加油🇭🇰,2024,October,18,Friday,14:39:23,captaincatho,不過得3x題感覺唔夠練,Uncategorized,Uncategorized
🇬🇧 齊向Manchester出發🇬🇧 香港人加油🇭🇰,2024,October,18,Friday,14:38:53,captaincatho,我之前練情景題佢要我另外比錢，過幾日個app就無左件事,Uncategorized,Uncategorized
🇬🇧 齊向Manchester出發🇬🇧 香港人加油🇭🇰,2024,October,18,Friday,14:01:47,,,Uncategorized,Uncategorized
🇬🇧 齊向Manchester出發🇬🇧 香港人加油🇭🇰,2024,October,18,Friday,14:01:46,,謝,Uncategorized,Uncategorized
🇬🇧 齊向Manchester出發🇬🇧 香港人加油🇭🇰,2024,October,18,Friday,13:25:08,charchar1213,Magic mirror?,Uncategorized,Uncategorized
🇬🇧 齊向Manchester出發🇬🇧 香港人加油🇭🇰,2024,October,18,Friday,12:59:43,,曼城市中附近識邊度有香港髮型師,Uncategorized,Uncategorized
🇬🇧 齊向Manchester出發🇬🇧 香港人加油🇭🇰,2024,October,18,Friday,11:08:58,latteju,我都係用4 in 1練，唔使另外俾錢啊，而且我係用電量練，去到考係用大電腦mon，會睇得清楚好多,Uncategorized,Uncategorized
🇬🇧 齊向Manchester出發🇬🇧 香港人加油🇭🇰,2024,October,18,Friday,9:15:29,charlesyeungg,1999,Uncategorized,Uncategorized
🇬🇧 齊向Manchester出發🇬🇧 香港人加油🇭🇰,2024,October,18,Friday,9:15:26,charlesyeungg,,Uncategorized,Uncategorized
🇬🇧 齊向Manchester出發🇬🇧 香港人加油🇭🇰,2024,October,18,Friday,9:15:23,charlesyeungg,Kam,Uncategorized,Uncategorized
🇬🇧 齊向Manchester出發🇬🇧 香港人加油🇭🇰,2024,October,18,Friday,7:33:44,,落地無耐 想識下朋友 周圍行下,Uncategorized,Uncategorized
🇬🇧 齊向Manchester出發🇬🇧 香港人加油🇭🇰,2024,October,17,Thursday,23:48:50,ahothehellyouno,組團去邊🤔🤔🤔,Uncategorized,Uncategorized
🇬🇧 齊向Manchester出發🇬🇧 香港人加油🇭🇰,2024,October,17,Thursday,21:02:50,,Hello 有冇男仔都係自己一個曼城呀？😀歡迎一齊組團,Uncategorized,Uncategorized
🇬🇧 齊向Manchester出發🇬🇧 香港人加油🇭🇰,2024,October,17,Thursday,10:46:02,Aqabu,😂😂https://youtu.be/i-qpSeBzcyw?si=H060t5JkGIPgmPwy,Uncategorized,Uncategorized
🇬🇧 齊向Manchester出發🇬🇧 香港人加油🇭🇰,2024,October,15,Tuesday,11:08:30,Aqabu,https://youtu.be/sW7eqP53CBA?si=8CNPedD5cc4AL1Dk,Uncategorized,Uncategorized
🇬🇧 齊向Manchester出發🇬🇧 香港人加油🇭🇰,2024,October,15,Tuesday,10:48:00,Windanz,"🇬🇧《寧化飛灰》十一月英國上映🔥

《寧化飛灰》是一部獲獎紀錄片，探討了記者在極權政權下報導時所面臨的情感和道德掙扎。透過2019年香港抗議活動的鏡頭，該片捕捉了捍衛新聞自由的高昂代價。我們很高興能將這部影片帶到英國，並在曼城、利物浦、諾丁漢、伯明翰和倫敦進行放映。放映活動隨後會有與導演進行現場問答互動環節。

11月9號 曼城 
11月10號 利物浦 
11月16號 諾丁漢
11月17號 伯明翰
11月23號 倫敦

由即日起至10月26日都有早鳥優惠🫂
請大家都幫手宣傳多多支持🙌🏻

https://www.eventbrite.com/cc/rather-be-ashes-than-dust-uk-screening-2024-3739789

***[

](http://petition.parliament.uk/petitions/640649)一個不忘討論抗爭嘅英國公海
📌 [加入TG公海](http://bit.ly/BHK1841)",Uncategorized,Uncategorized
🇬🇧 齊向Manchester出發🇬🇧 香港人加油🇭🇰,2024,October,14,Monday,23:12:32,,"做下打手
歡迎大家share 出去～

有關香港2019年嘅得獎紀錄片「寧化飛灰」
嚟緊11月會係英國5個城市放映

11/9 曼城 
11/10 利物浦 
11/16 諾丁漢
11/17 伯明翰
11/23 倫敦

由即日起至10月26日都有早鳥優惠🫂
請大家都幫手宣傳多多支持🙌🏻
電影放映後會有導演現場Q&A 

https://www.eventbrite.com/cc/rather-be-ashes-than-dust-uk-screening-2024-3739789",Uncategorized,Uncategorized
🇬🇧 齊向Manchester出發🇬🇧 香港人加油🇭🇰,2024,October,14,Monday,21:16:19,gudegudeleopard,唔錯,Uncategorized,Uncategorized
🇬🇧 齊向Manchester出發🇬🇧 香港人加油🇭🇰,2024,October,14,Monday,18:11:34,CCCCCMint,有冇人試過，伏唔伏,Uncategorized,Uncategorized
🇬🇧 齊向Manchester出發🇬🇧 香港人加油🇭🇰,2024,October,14,Monday,18:11:20,CCCCCMint,https://maps.app.goo.gl/pnVtzCm1yLeds3V48,Uncategorized,Uncategorized
🇬🇧 齊向Manchester出發🇬🇧 香港人加油🇭🇰,2024,October,14,Monday,14:40:34,captaincatho,有咩app可以練情境題，要考筆試，Theory 4 in 1 好似要另外收錢,Uncategorized,Uncategorized
🇬🇧 齊向Manchester出發🇬🇧 香港人加油🇭🇰,2024,October,12,Saturday,19:48:56,speakandmove,"軍訓究竟有幾辛苦？

隨住越嚟越多BNO手足成功參軍，可能大家都會聽過佢哋話Basic Training 好痛苦。可能有啲人會覺得自己操開體能，又或者俾‘basic’呢個字呃到，就覺得basic training 不外如是。最近我哋其中一位手足就收到佢野外訓練嗰時嘅珍貴片段，可以俾大家感受一吓軍訓實況。

片段所見就係野外訓練其中最痛苦嘅環節之一’Ambush’。當你日頭已經操到死，好難得可以捐入睡袋休息一兩個鐘嘅時候，往往就會遭遇敵人襲擊要捐出都未訓暖嘅睡袋去還火。當做得唔好嘅時候仲要2分鐘pack好哂所有嘢模擬戰敗撤退，孭住40公斤裝備喺野外跑幾公里搵新嘅據點。槍林彈雨之下就同真係上咗戰場冇咩分別。

喺咁高強度嘅訓練之下，好多人都會捱唔住放棄，軍訓嘅畢業率得60%左右。不過，暫時成功報名參軍嘅香港手足，畢業率暫時仲係100%",Uncategorized,Uncategorized
🇬🇧 齊向Manchester出發🇬🇧 香港人加油🇭🇰,2024,October,12,Saturday,13:23:08,cyncye,請問一下有冇想夾租啊 。下個月尾開始 。,Uncategorized,Uncategorized
🇬🇧 齊向Manchester出發🇬🇧 香港人加油🇭🇰,2024,October,12,Saturday,10:03:49,captaincatho,bno visa 仲要移民律師？,Uncategorized,Uncategorized
🇬🇧 齊向Manchester出發🇬🇧 香港人加油🇭🇰,2024,October,11,Friday,12:05:58,CCCCCMint,窮L冇用移民律師🙇🏻‍♂,Uncategorized,Uncategorized
🇬🇧 齊向Manchester出發🇬🇧 香港人加油🇭🇰,2024,October,11,Friday,10:47:50,Aqabu,https://youtu.be/q_FfPrnDDkQ?si=28oinbrrbuvb7q--,Uncategorized,Uncategorized
🇬🇧 齊向Manchester出發🇬🇧 香港人加油🇭🇰,2024,October,11,Friday,9:37:54,tthhooj,咁多位，請問曼城有冇移民律師，可以推介一下🙏🏻🙏🏻，唔該晒,Uncategorized,Uncategorized
🇬🇧 齊向Manchester出發🇬🇧 香港人加油🇭🇰,2024,October,10,Thursday,21:36:14,Windanz,上山頂入石澳闊過大埔道,Uncategorized,Uncategorized
🇬🇧 齊向Manchester出發🇬🇧 香港人加油🇭🇰,2024,October,10,Thursday,14:33:50,hk1842,無呀，我呢啲「外來人口」唔識搵呢啲寶藏,Uncategorized,Uncategorized
🇬🇧 齊向Manchester出發🇬🇧 香港人加油🇭🇰,2024,October,10,Thursday,13:46:39,,住咗10年，咁你又有冇上過山入過廟？知道邊間小學係度上堂？,Uncategorized,Uncategorized
🇬🇧 齊向Manchester出發🇬🇧 香港人加油🇭🇰,2024,October,10,Thursday,10:45:02,hk1842,"一開始「感覺」係士美菲路落山，後來睇應該無錯，但同comment有人講一樣，街景完全唔同，同埋竟然無「不准駛入」嘅地方，卑路乍街（我估係，去到街尾估係寶翠園）竟然係雙向行車 。整體嚟講啲路太濶，香港啲路有咁濶揸車就容易好多啦 。
如果街景似多啲實景，感受應該好好多
（我住卑路乍街近十年，好想望吓間百佳，可惜失望了 😖）",Uncategorized,Uncategorized
🇬🇧 齊向Manchester出發🇬🇧 香港人加油🇭🇰,2024,October,10,Thursday,10:33:31,hk1842,搵到中西區，睇下先,Uncategorized,Uncategorized
🇬🇧 齊向Manchester出發🇬🇧 香港人加油🇭🇰,2024,October,10,Thursday,10:32:44,hk1842,"我唔熟薄扶林，不過有啲位（例如右邊個球場，但對面有咁多高樓咩？唔通唔係我經過嗰度？）好似去過 。有一點係完全唔似香港，香港邊度可以咁泊咁多車喺路邊？仲話parking lane ，一早一叠牛肉乾啦🤣🤣
有冇西環堅尼地城或者中環、（舊）觀塘、將軍澳嗰啲？",Uncategorized,Uncategorized
🇬🇧 齊向Manchester出發🇬🇧 香港人加油🇭🇰,2024,October,8,Tuesday,18:10:51,,"大家注意！依家真係最後通牒啦⚠️！李拾壹嘅演唱會仲有少量飛放出嚟，主辦方仲推出咗限量折扣碼，感謝曼城朋友嘅熱情支持，希望賣埋D飛，大家企爆個場一齊跳，手快有，手慢無呀！

呢場show就喺10月13號，地點係曼徹斯特 Night and Day Cafe，到時會有Gen03_MCR幫李拾壹熱力暖場🔥

如果你仲喺度諗緊去唔去，就同你講埋啦，睇過李拾壹嘅朋友都知，佢真係冇得輸，氣氛勁Fun又好玩，感性又得，搞笑又掂！仲有牧童笛大合奏嗰幕，真係笑到爆，絕對係一場你會記住嘅體驗！

重要情報！：其實買咗飛，拎住張飛去消費有好多著數架！多達十幾間曼城店舖提供票尾優惠，互相支持，唔好錯過呢啲額外福利！

🎟️ 購票連結：https://www.pierzero.co.uk/event-details-registration/subyub-lees-mr-delay-uk-tour-manchester

限量特別優惠碼（只限曼市！）：11SUCCESSFUL

記得同朋友Share呢個消息，一齊嚟High啦！👍",Uncategorized,Uncategorized
🇬🇧 齊向Manchester出發🇬🇧 香港人加油🇭🇰,2024,October,8,Tuesday,11:17:07,Aqabu,"住薄扶林的朋友仔睇下似唔似
https://youtu.be/75KlRM69eG4?si=UppqFMVBYzBiqe-G",Uncategorized,Uncategorized
🇬🇧 齊向Manchester出發🇬🇧 香港人加油🇭🇰,2024,October,7,Monday,22:00:02,bacbachk,,Uncategorized,Uncategorized
🇬🇧 齊向Manchester出發🇬🇧 香港人加油🇭🇰,2024,October,7,Monday,3:30:39,BigBigPlane_364,"打搞咁多位師兄

尋失物

尋日 星期日 (6/10) 下晏 兩點三 左右 係PICCADILLY GARDENS LIDL 附近遺失 黑色 PAUL SMITH 銀包一個，內有 少量 英鎊 & 港幣，提款卡 ，香港信用卡，英國車牌，學生證，白色御守......

如有拾獲，請PM本人，薄酬
麻煩晒🙇🏻‍♂",Uncategorized,Uncategorized
🇬🇧 齊向Manchester出發🇬🇧 香港人加油🇭🇰,2024,October,6,Sunday,20:24:49,febnine,"英國港人足球約戰/搵隊/搵人Group

https://www.facebook.com/share/g/rYbJkjXqX8dHzJwK/?mibextid=K35XfP",Uncategorized,Uncategorized
🇬🇧 齊向Manchester出發🇬🇧 香港人加油🇭🇰,2024,October,6,Sunday,19:52:10,HKIndependenxe,感謝🙏🏻,Uncategorized,Uncategorized
🇬🇧 齊向Manchester出發🇬🇧 香港人加油🇭🇰,2024,October,6,Sunday,13:06:11,howareyouthank,"https://t.me/+AaWtNNbWOBA2ZWU9

歡迎大家Share 出去

左膠大愛搞事撚並不歡迎

新谷有管理  舊谷IT人在英國無辦法管",Uncategorized,Uncategorized
🇬🇧 齊向Manchester出發🇬🇧 香港人加油🇭🇰,2024,October,5,Saturday,9:34:43,HKIndependenxe,Hi，想問有冇it/cybersecurity嘅谷😄,Uncategorized,Uncategorized
🇬🇧 齊向Manchester出發🇬🇧 香港人加油🇭🇰,2024,October,4,Friday,22:12:03,burnwithus2019,你英國車牌應該都係跟香港牌,Uncategorized,Uncategorized
🇬🇧 齊向Manchester出發🇬🇧 香港人加油🇭🇰,2024,October,4,Friday,21:42:12,tthhooj,咁多位師兄打攪一下，請問你哋車保係咪填香港嘅牌齡，佢其中一個係問幾時有依個牌係咪可以照跟返香港？,Uncategorized,Uncategorized
🇬🇧 齊向Manchester出發🇬🇧 香港人加油🇭🇰,2024,October,4,Friday,11:05:28,Aqabu,https://youtu.be/D5r9Fa80LDo?si=YHQqyYJaOf8HWD5W,Uncategorized,Uncategorized
BNO求職創業互助討論區,2024,November,1,Friday,12:06:39,,https://youtu.be/6cgy8YvL00A?si=sQKZxUFOuL6EYS1O,Uncategorized,Uncategorized
BNO求職創業互助討論區,2024,October,30,Wednesday,14:59:08,,"Interview tips (US)

https://www.threads.net/@wayfindingwithnina/post/DBt2ncJyi0Y?xmt=AQGzulITxiXNuK6ECPRn26-rzdMElnlK38LOaaHbLpEDvw",Uncategorized,Uncategorized
BNO求職創業互助討論區,2024,October,29,Tuesday,11:38:27,,https://youtu.be/n4Flcllu9WA?si=N86TpoJ6WeJkN0YG,Uncategorized,Uncategorized
BNO求職創業互助討論區,2024,October,29,Tuesday,8:25:18,GroupHelpBot,"Hi, Ralinsyah 歡迎加入英國搵工互助討論區，請訂閱",Uncategorized,Uncategorized
BNO求職創業互助討論區,2024,October,28,Monday,13:33:32,,💅伯明翰市中心美甲，可以提供上門服務，有興趣可以先私聊我啊謝謝🫶🏻💗,Uncategorized,Uncategorized
BNO求職創業互助討論區,2024,October,27,Sunday,22:56:22,GroupHelpBot,"Hi, Abcd Liu 歡迎加入英國搵工互助討論區，請訂閱",Uncategorized,Uncategorized
BNO求職創業互助討論區,2024,October,27,Sunday,17:16:00,GroupHelpBot,"Hi, Abn_ Alhashedi 歡迎加入英國搵工互助討論區，請訂閱",Uncategorized,Uncategorized
BNO求職創業互助討論區,2024,October,25,Friday,11:19:49,,https://youtu.be/8i9r7jBoIFw?si=2zJX8LEjAlpah8N0,Uncategorized,Uncategorized
BNO求職創業互助討論區,2024,October,23,Wednesday,11:47:12,GroupHelpBot,"Hi, Nobody 歡迎加入英國搵工互助討論區，請訂閱",Uncategorized,Uncategorized
BNO求職創業互助討論區,2024,October,22,Tuesday,11:06:29,,https://youtu.be/O_FnItqO6nM?si=xk7Zqp3SVVc53GGs,Uncategorized,Uncategorized
BNO求職創業互助討論區,2024,October,22,Tuesday,9:54:24,zfanman,.,Uncategorized,Uncategorized
BNO求職創業互助討論區,2024,October,22,Tuesday,9:54:16,zfanman,https://t.me/+cyBXu0WDk-ljMWE9,Uncategorized,Uncategorized
BNO求職創業互助討論區,2024,October,22,Tuesday,7:39:02,,請問在申請settlement 等候結果期間， 如果BNO Visa 已過期那應該怎麼辦？要再續簽BNO Visa 嗎？,Uncategorized,Uncategorized
BNO求職創業互助討論區,2024,October,17,Thursday,20:59:41,tjvdk_ypoj,小心啲中餐店，支那人好撚閪,Uncategorized,Uncategorized
BNO求職創業互助討論區,2024,October,17,Thursday,10:40:51,,https://youtu.be/i-qpSeBzcyw?si=4aIYSEp9ar17OfKl,Uncategorized,Uncategorized
BNO求職創業互助討論區,2024,October,16,Wednesday,9:02:45,zfanman,,Uncategorized,Uncategorized
BNO求職創業互助討論區,2024,October,15,Tuesday,11:02:49,,正唔正,Uncategorized,Uncategorized
BNO求職創業互助討論區,2024,October,15,Tuesday,11:02:48,,https://youtu.be/sW7eqP53CBA?si=8i8es7BtNnMeA4YS,Uncategorized,Uncategorized
BNO求職創業互助討論區,2024,October,15,Tuesday,1:28:15,GroupHelpBot,"Hi, 熊猫队长 歡迎加入英國搵工互助討論區，請訂閱",Uncategorized,Uncategorized
BNO求職創業互助討論區,2024,October,12,Saturday,12:17:38,goalazoooo,"https://www.facebook.com/share/p/LnQatuW3zNcG4rKD/?mibextid=WC7FNe

英國買樓+申請Mortgage懶人包",Uncategorized,Uncategorized
BNO求職創業互助討論區,2024,October,11,Friday,19:20:03,GroupHelpBot,"Hi, Aelizabe 歡迎加入英國搵工互助討論區，請訂閱",Uncategorized,Uncategorized
BNO求職創業互助討論區,2024,October,11,Friday,12:17:11,,thanks a lot,Uncategorized,Uncategorized
BNO求職創業互助討論區,2024,October,11,Friday,12:14:16,zfanman,如上,Uncategorized,Uncategorized
BNO求職創業互助討論區,2024,October,11,Friday,12:14:03,zfanman,有WhatsApp group 可以入住先 https://chat.whatsapp.com/HpqT1BEWrMPA0BpaqwaiTe,Uncategorized,Uncategorized
BNO求職創業互助討論區,2024,October,11,Friday,12:13:43,zfanman,hi 最後點呀？,Uncategorized,Uncategorized
BNO求職創業互助討論區,2024,October,11,Friday,10:55:20,,https://youtu.be/q_FfPrnDDkQ?si=FgN9M-A5RKxrS6kE,Uncategorized,Uncategorized
BNO求職創業互助討論區,2024,October,11,Friday,0:19:10,qqkiu,呢度有冇人有興趣學結他？,Uncategorized,Uncategorized
BNO求職創業互助討論區,2024,October,10,Thursday,16:12:57,,你好，我想加入餐飲業討論區，但link has expired，請問有無另一條link? thanks,Uncategorized,Uncategorized
BNO求職創業互助討論區,2024,October,8,Tuesday,11:37:09,,"住薄扶林的朋友仔睇下似唔似
https://youtu.be/75KlRM69eG4?si=_E1YGzikyhPW17Ag",Uncategorized,Uncategorized
BNO求職創業互助討論區,2024,October,7,Monday,15:53:03,,Birmingham China town 一車位出租🌟價錢可商議❗️,Uncategorized,Uncategorized
BNO求職創業互助討論區,2024,October,7,Monday,13:47:39,GroupHelpBot,"Hi, HSUHSU 歡迎加入英國搵工互助討論區，請訂閱",Uncategorized,Uncategorized
BNO求職創業互助討論區,2024,October,5,Saturday,2:50:08,GroupHelpBot,"Hi, Sukikibon 歡迎加入英國搵工互助討論區，請訂閱",Uncategorized,Uncategorized
BNO求職創業互助討論區,2024,October,4,Friday,11:08:31,,https://youtu.be/D5r9Fa80LDo?si=ZJhHOFwuykDoGjfb,Uncategorized,Uncategorized
英國戰線 🇬🇧 Britons in Hong Kong/UK (頻道留言用),2024,November,1,Friday,3:24:35,britonshk,"美國大選｜搖擺州有中國留學生扮公民投票　選票無法收回將被點算
https://channelchk.com/a/21629

美國大選將於下周二（5日）舉行，多個州分已准許選民提前投票。在搖擺州分之一的密歇根州，當地政府披露密歇根大學一名19歲中國留學生上周在只持學生證及住址證明下，自稱屬美國公民進入票站並即場登記為選民，其後成功投票，由於其選票已被收集，因此無法取回並會被點算。當局控告涉事留學生作虛假陳述及在未獲授權下投票，一旦罪成最高可被判監15年。中方回應美聯社查詢時，表示一貫要求海外中國公民遵守當地法律法規。

快啲Follow我哋後備IG啦
https://instagram.com/channelchk.feature

#美國大選 #密歇根州 #留學生 #中國 #投票資格 #冒充選民 #以身試法 #虛假聲明 #Channelchk
＝＝＝＝＝＝＝＝＝＝＝＝＝＝
求真求知 報道實況 三年風雨 屹立不倒
如果唔想我哋消失😭
繼續全天候睇到最新＋全面＋真確報道
同消閒副刊、生活資訊、體育、娛樂等創新優質多元資訊
請即成為Channel C付費會員「自己友」 訂閱享專屬福利！
👉🏻https://bit.ly/3wK00JQ
下載埋Channel C App 瀏覽足本報道！
👉🏻https://channelchk.com/app
大大力召集更多廣告推廣／媒體合作 專業用心締造流量保證！
👉🏻marketing@channelchk.com
感激讀者及客戶厚愛與扶持 支持我哋穩定營運長遠拓展
屬於Channel C一份子嘅每一個您 成就未來每個週年🫶🏻
【盡知天下事 唯有Channel C】
＝＝＝＝＝＝＝＝＝＝＝＝＝＝
🔥「爆片爆相」返嚟喇！🔥
一經獨家採用將會獲得由
齊柏林熱狗店送出＄50元禮券乙張！
報料：https://wa.me/85264691456",Uncategorized,Uncategorized
英國戰線 🇬🇧 Britons in Hong Kong/UK (頻道留言用),2024,November,1,Friday,3:07:07,Cheuklai721,https://www.youtube.com/live/m0WJS3OjHvE?si=z0cZWtvIXIRzTT8p,Uncategorized,Uncategorized
英國戰線 🇬🇧 Britons in Hong Kong/UK (頻道留言用),2024,November,1,Friday,2:59:48,GroupHelpBot,"歡迎99嚟到BHK舊公海，請到新討論區繼續交流

https://t.me/BHK1841",Uncategorized,Uncategorized
英國戰線 🇬🇧 Britons in Hong Kong/UK (頻道留言用),2024,October,31,Thursday,22:56:44,britonshk,"// 美國財政部點名在香港註冊的Sinno Electronics，其兩名中國籍高層Becky, Lin Qing及Betty, Peng Minbo。Sinno Electronics在中國及香港數個地址經營，長期向俄羅斯國防採購公司供應微電子產品。

財政部亦指出數間與Sinno Electronics有關的香港註冊公司，稱自俄羅斯入侵烏克蘭後，有關公司累計向俄羅斯運送數以萬計對生產俄羅斯先進精準導引武器至關重要的微電子產品，這些公司雖在香港註冊，但也在深圳與Sinno Electronics有關的地址營運。被點名的相關公司包括Allparts Trading Limited、Align Trading Limited、Chips Resources Limited、Maxtronic Global Limited、Avtex Semiconductor Limited、Avinex Global Limited及Megachips Limited。//

【中美角力｜美國制裁近400個人及實體涉助俄羅斯侵烏   中國及香港公司被點名】

全文請到《追新聞》網站閱覽
https://thechasernews.co.uk/中美角力美國制裁近400個人及實體涉助俄羅斯侵烏/

#美國制裁 #俄烏戰爭 #西方制裁 #劉鵬宇 #追新聞 #TheChaser 
============
🌟加入YouTube頻道會員支持《追新聞》運作🌟
https://www.youtube.com/channel/UC5l18oylJ8o7ihugk4F-3nw/join

報道無罪 知情有價 請即訂閱《追新聞》：
💰 Patreon｜https://www.patreon.com/thechasernews
💰 Stripe｜https://buy.stripe.com/7sI8zwgoA9HZ3Cg6oq
🔗 網站｜https://thechasernews.co.uk/
📷 Instagram｜https://www.instagram.com/the_chaser_news
🌐 Facebook｜https://www.facebook.com/the.chaser.news
☕️ ko-fi｜https://ko-fi.com/thechasernews",Uncategorized,Uncategorized
英國戰線 🇬🇧 Britons in Hong Kong/UK (頻道留言用),2024,October,31,Thursday,12:09:26,GroupHelpBot,"歡迎77嚟到BHK舊公海，請到新討論區繼續交流

https://t.me/BHK1841",Uncategorized,Uncategorized
英國戰線 🇬🇧 Britons in Hong Kong/UK (頻道留言用),2024,October,31,Thursday,6:12:05,britonshk,,Uncategorized,Uncategorized
英國戰線 🇬🇧 Britons in Hong Kong/UK (頻道留言用),2024,October,31,Thursday,6:12:04,britonshk,"即刻訂購2025細葉榕月曆📅
支持細葉榕嘅營運成本、教育同人道支援工作啦！🌱2025年我哋再次推出月曆。今次我哋創作咗一個關於香港嘅故事，並用手繪水彩畫呈現出嚟畀大家。

今年我哋喺英國🇬🇧都有團購15本以上免運費優惠，你只需要喺網站訂購時選擇「郵寄（>=15件，免運費）」做運送方式，並使用銀行轉帳畀錢，就會自動免運費啦！

購買月曆傳送門在此：https://www.bonhamtreeaid.org/calendar2025",Uncategorized,Uncategorized
英國戰線 🇬🇧 Britons in Hong Kong/UK (頻道留言用),2024,October,31,Thursday,0:56:03,Cheuklai721,https://www.youtube.com/live/0quMPMCkA-M?si=brqmnRNZocdiIkgp,Uncategorized,Uncategorized
英國戰線 🇬🇧 Britons in Hong Kong/UK (頻道留言用),2024,October,31,Thursday,0:14:14,britonshk,"【美國制裁榜香港再遠超祖國】
【28間香港公司涉運送軍用物資到俄羅斯】

美國財政部周三（30日）再公布新一批共275間公司和個人制裁名單，包括來自中國、香港、土耳其、印度等地區和國家。其中報稱以香港為基地的公司佔28 間，比八月分公布的24間還要多。而在同一名單內，中國註冊公司有11間。

⭐詳情請點擊報道連結⭐
https://www.rfa.org/cantonese/news/united-states-department-of-the-treasury-hong-kong-sanction-russia-ukraine-war-10302024163134.html

#美國財政部
#香港
#俄羅斯
#烏克蘭
#UKRAINE
#RUSSIA
=============

更多資訊 ➡️ rfa.org/cantonese",Uncategorized,Uncategorized
英國戰線 🇬🇧 Britons in Hong Kong/UK (頻道留言用),2024,October,30,Wednesday,22:13:41,GroupHelpBot,"歡迎昂啾啾嚟到BHK舊公海，請到新討論區繼續交流

https://t.me/BHK1841",Uncategorized,Uncategorized
英國戰線 🇬🇧 Britons in Hong Kong/UK (頻道留言用),2024,October,30,Wednesday,21:29:15,britonshk,,Uncategorized,Uncategorized
英國戰線 🇬🇧 Britons in Hong Kong/UK (頻道留言用),2024,October,30,Wednesday,21:29:15,britonshk,"// 李韻晴表示今天作出正確的決定，恢復公共財政穩定、保護勞動群眾、改善NHS體系及重建英國，強調只有今天作出艱難的決定，才能為長遠的計劃打算。首相施紀賢指經過14年的衰退後，政府「將投資我們的國家，重建學校、醫院和道路」，不會逃避作出艱難決定。

保守黨黨魁辛偉誠批評工黨破壞承諾，保守黨過去多次警告工黨將加稅、加大借貸及支出，今天的預算案顯示政府玩弄數字遊戲，最終只會由打工仔埋單。//

【秋季預算案｜英國最低工資時薪增至12.21鎊   英格蘭巴士車費封頂加至3鎊】

全文請到《追新聞》網站閱覽
https://thechasernews.co.uk/秋季預算案英國最低工資時薪增至12鎊/

#英國最低工資 #英國民生 #秋季預算案 #英國政策 #工黨 #李韻晴 #英格蘭 #追新聞 #TheChaser
=======================
🌟加入YouTube頻道會員支持《追新聞》運作🌟
https://www.youtube.com/channel/UC5l18oylJ8o7ihugk4F-3nw/join

《追新聞》無金主，只有您！為訂戶提供驚喜優惠，好讓大家支持本平台，再撐埋黃店。香港訂戶可分享給英國親友使用。

優惠詳情：https://thechasernews.co.uk/追新聞訂戶注意-新黃店優惠嚟啦/

報道無罪 知情有價 請即訂閱《追新聞》：
💰 Patreon｜https://www.patreon.com/thechasernews
💰 Stripe｜https://buy.stripe.com/7sI8zwgoA9HZ3Cg6oq
🔗 網站｜https://thechasernews.co.uk/
📺 YouTube｜https://www.youtube.com/channel/UC5l18oylJ8o7ihugk4F-3nw
📷 Instagram｜https://www.instagram.com/the_chaser_news
🌐 Facebook｜https://www.facebook.com/the.chaser.news
💬 Telegram Channel｜https://t.me/the_chaser_news
☕️ ko-fi｜https://ko-fi.com/thechasernews",Uncategorized,Uncategorized
英國戰線 🇬🇧 Britons in Hong Kong/UK (頻道留言用),2024,October,30,Wednesday,11:18:12,britonshk,"🎂Happy birthday to Gary FAN

Wishing Gary peace and strength as he celebrates another year. 
喺生日之際，祝 #范國威 擁有平安與力量。",Uncategorized,Uncategorized
英國戰線 🇬🇧 Britons in Hong Kong/UK (頻道留言用),2024,October,30,Wednesday,8:35:45,britonshk,"【「陳伯」涉獅子山展示字句被控　結案陳詞｜控方指短暫展示仍構成滋擾　辯方質疑等同「中學秋季旅行展示橫幅都要申請」】

全文閱讀📍http://bit.ly/3YIEWCK",Uncategorized,Uncategorized
英國戰線 🇬🇧 Britons in Hong Kong/UK (頻道留言用),2024,October,30,Wednesday,6:12:04,britonshk,"📅 Biometric Residence Permit expiring on 31 December 2024? Or got a stamp/vignette sticker in your passport?

//你好，我哋係內政部……喂？喂？喂？……//

⏩ You should change to an eVisa now. 💻✈️

HOME OFFICE

***[

](http://petition.parliament.uk/petitions/640649)一個不忘討論抗爭嘅英國公海
📌 [加入TG公海](http://bit.ly/BHK1841)",Uncategorized,Uncategorized
英國戰線 🇬🇧 Britons in Hong Kong/UK (頻道留言用),2024,October,30,Wednesday,2:48:11,DieEvilPopo,黑警死全家,Uncategorized,Uncategorized
英國戰線 🇬🇧 Britons in Hong Kong/UK (頻道留言用),2024,October,30,Wednesday,2:05:20,britonshk,,Uncategorized,Uncategorized
英國戰線 🇬🇧 Britons in Hong Kong/UK (頻道留言用),2024,October,30,Wednesday,2:05:19,britonshk,,Uncategorized,Uncategorized
英國戰線 🇬🇧 Britons in Hong Kong/UK (頻道留言用),2024,October,30,Wednesday,2:05:19,britonshk,,Uncategorized,Uncategorized
英國戰線 🇬🇧 Britons in Hong Kong/UK (頻道留言用),2024,October,30,Wednesday,2:05:18,britonshk,"風雨蘭｜分析逾 800 名性暴力案求助者報案後　逾三成遭警終止調查或不受理

全文：https://bit.ly/3YGMMgh

風雨蘭今（29日）發表最新一份個案回溯統計報告，分析過去五年間深入跟進的 1,984 宗性暴力個案，及與以往個案比較分析。

研究發現，過去五年逾 800 名報案事主中，有 265 宗 （32.8%）警方終止調查、 31宗（3.8%）警方不受理、 179宗（22.2%）交律政司跟進、 322宗 （39.9%）正在調查，或不知結果。約 300 宗遭警終止調查性暴力個案中，135宗（近五成）因證據不足，105宗（35.5%）因投訴人撤案。事主主動撤案，最大原因是在司法程序感到有壓力（51.4%）。

邱志衡解釋，司法程序中「可能要花幾年時間才可知道調查結果或有否機會上庭，對當事人來說可能非常煎熬」。他指不少案件因當事人撤訴而終結，反映現有司法程序保護措施不足，減低當事人尋求公義的信心，望當局檢討性罪行個案的報案、調查與起訴程序。

此外，過去五年當事人平均延遲約 4.2 年求助，逾四成事主曾經歷多於一次性侵。邱志衡指，延遲求助有很多原因，其中一個是不少個案的侵犯者與當事人相識，「變相處理案件或承認自己是受害人時，可能經過重重困難、心理掙扎」，「可能琴日係親密伴侶，但今日 abuse 咗我，今日突然要將佢身分轉換成侵犯者」，受害人或需時消化，故沒有即時求助。此外，不少童年性侵的受害人，兒時曾向身邊人如父母講述被性侵經歷，但可能父母不信任或掉轉指責他們，令當事人失去求助意欲，「連我最信任的人都不相信我，我點能夠相信同社工講、同風雨蘭講，佢哋會信任我呢」。

邱說，延遲 4.2 年求助情況絕對不理想，現時社會環境雖更友善，但仍然存有性暴力迷思和責怪受害人文化，影響受害人求助意欲和時間，望情況能得到改善。

#集誌社 #風雨蘭 #性暴力案 #求助 #報案",Uncategorized,Uncategorized
英國戰線 🇬🇧 Britons in Hong Kong/UK (頻道留言用),2024,October,30,Wednesday,2:04:43,britonshk,"【當年今日｜反修例回顧】2019年10月30日：多人屯門被捕 警命跪地抱頭受查
https://bit.ly/3UrymxY",Uncategorized,Uncategorized
英國戰線 🇬🇧 Britons in Hong Kong/UK (頻道留言用),2024,October,29,Tuesday,20:09:53,,"機會黎啦飛雲！

有關香港2019年嘅得獎紀錄片「寧化飛灰」
嚟緊11月會係英國5個城市放映

倫敦場次係早鳥優惠期間已經全場售罄爆滿。知道有好多朋友仔搶唔到飛好失望，所以經過同Cineworld 一輪協商，佢哋決定換個大啲嘅影院俾我哋播！

大家可以用返之前條link 購買，倫敦場次早鳥優惠亦會延長至星期日（11月2日）！

加開座位有限，大家記得要把握機會！

11/9 曼城 
11/10 利物浦 
11/16 諾丁漢
11/17 伯明翰
11/23 倫敦

電影放映後會有導演現場Q&A 

https://www.eventbrite.com/cc/rather-be-ashes-than-dust-uk-screening-2024-3739789",Uncategorized,Uncategorized
英國戰線 🇬🇧 Britons in Hong Kong/UK (頻道留言用),2024,October,29,Tuesday,18:41:04,britonshk,"🔍 互動法庭：有你做陪審員，判決會否改寫？(諾定咸活動)

請在11月17日前填寫以下 Google 表格報名參加。

https://forms.gle/QFC5hdj6heWbm9eH6

自香港實施國安法以來，社會氛圍急劇變遷，47人案成為了國際最具爭議的審訊之一，牽動無數港人，使我們無法置身事外。

透過這宗案件，讓我們思考一個問題：要有一個公平公正的司法制度，社會要有什麼條件呢？這些條件，離我們有多遠？而
這宗案件如有你的參與，結局會否不一樣？

🛎️活動重點：
1️⃣ 模擬47人案的審訊處境：參加者以旁聽席人士角度，重溫案件重點
2️⃣ 親身扮演陪審團角色：現場將隨機抽選三組觀眾，擔任「陪審員」，參與對案件的判決。

日期：11月23日
地點：National Justice Museum NG1 1HN
時間：13:30開場
名額：限100人參加，免費入場
語言：廣東話

免費參加，但由於場地租金昂貴，如你已報名但無法到場，請提前通知。當天活動現場將設有現金捐款箱，歡迎有心人士支持。

Date: November 23, 2024 (Saturday)
Location: Civil Courtroom, National Justice Museum NG1 1HN
Time: 13:30 (one session only)

文宣來源：[思諾港](https://www.facebook.com/share/p/rPf9hFkqm8gq3BY2/)

***[

](http://petition.parliament.uk/petitions/640649)一個不忘討論抗爭嘅英國公海
📌 [加入TG公海](http://bit.ly/BHK1841)",Uncategorized,Uncategorized
英國戰線 🇬🇧 Britons in Hong Kong/UK (頻道留言用),2024,October,29,Tuesday,14:54:08,britonshk,"【英外相林德偉訪華後 受保守黨議員質詢】

- 英國外相林德偉早前與中國國務院副總理丁薛祥及外長王毅會晤
- 前保守黨黨魁施志安於國會向林德偉質詢，有否就多項議題向中方施壓
- 林德偉：「黎智英案」、新彊維吾爾族人權及台海局勢為「高度關注」議題
- 林德偉：努力尋找與中國「一致」的立場，及評估可行的做法

全文：https://points-media.com/76sg
-------------
📌 支持《棱角 The Points》亂世求真，贊助我們運作：
points-media.com/supports
📌 報料、投稿：
info@points-media.com
📌 緊貼《棱角 The Points》24小時零死角：
Facebook: @thepoints.global
Instagram | Telegram | Twitter: @points_global
Youtube: youtube.com/@thepointsglobal?sub_confirmation=1
Whatsapp Channel: https://rb.gy/cwvrw",Uncategorized,Uncategorized
英國戰線 🇬🇧 Britons in Hong Kong/UK (頻道留言用),2024,October,29,Tuesday,9:31:39,GroupHelpBot,"歡迎🍎卜卜嚟到BHK舊公海，請到新討論區繼續交流

https://t.me/BHK1841",Uncategorized,Uncategorized
英國戰線 🇬🇧 Britons in Hong Kong/UK (頻道留言用),2024,October,29,Tuesday,7:25:02,britonshk,"// 特朗普上周四（10月24日）接受美國保守派網媒主持人Hugh Hewitt訪問，主持人先提到中國是對美國最大的威脅，特朗普回應稱，只要美國人有一位適當的總統，中國對美國就不是威脅，又稱若自己在位，中國不會夠膽對台灣輕舉妄動。主持人隨後提到黎智英，形容黎是一位偉大的出版人及億萬富豪，但現時被囚禁在監獄，問特朗普若上台會否向習近平爭取黎獲釋及安排黎離開中國，特朗普稱：「百份百會這樣做」。

黎智英曾在2019年特朗普在位時訪美，當時獲時任副總統彭斯（Mike Pence）及時任國務卿（Mike Pompeo）蓬佩奧親自接見，黎於2020年8月因「港區國安法」被捕後，特朗普回應傳媒提問時亦公開讚揚黎智英是勇敢的人，而這些均被香港律政司在目前審訊的黎智英國安案之中當作「證據」呈堂。//

【美國大選｜特朗普談黎智英：會要求習近平釋放他   四搖擺州民調領先賀錦麗】

全文請到《追新聞》網站閱覽
https://thechasernews.co.uk/美國大選｜特朗普談黎智英-會要求習近平釋放他/

#美國大選 #特朗普 #黎智英 #賀錦麗 #追新聞 #TheChaser
========================
🌟加入YouTube頻道會員支持《追新聞》運作🌟
https://www.youtube.com/channel/UC5l18oylJ8o7ihugk4F-3nw/join

《追新聞》無金主，只有您！為訂戶提供驚喜優惠，好讓大家支持本平台，再撐埋黃店。香港訂戶可分享給英國親友使用。

優惠詳情：https://thechasernews.co.uk/追新聞訂戶注意-新黃店優惠嚟啦/

報道無罪 知情有價 請即訂閱《追新聞》：
💰 Patreon｜https://www.patreon.com/thechasernews
💰 Stripe｜https://buy.stripe.com/7sI8zwgoA9HZ3Cg6oq
🔗 網站｜https://thechasernews.co.uk/
📷 Instagram｜https://www.instagram.com/the_chaser_news
🌐 Facebook｜https://www.facebook.com/the.chaser.news
☕️ ko-fi｜https://ko-fi.com/thechasernews",Uncategorized,Uncategorized
英國戰線 🇬🇧 Britons in Hong Kong/UK (頻道留言用),2024,October,29,Tuesday,0:16:42,britonshk,"【當年今日｜反修例回顧】2019年10月29日：黃之鋒遭DQ參選資格
https://bit.ly/3YDQPdb",Uncategorized,Uncategorized
英國戰線 🇬🇧 Britons in Hong Kong/UK (頻道留言用),2024,October,28,Monday,21:13:23,britonshk,"【解構雙重國籍】政府立場及香港人面臨的風險 - 鄺頌晴

授權轉載文章節錄：

上文提到，過去十年來，許多有中國血統的人和香港人因雙重國籍問題遭到拒絕領事保護，這些案例可以分為四類：

雙重國籍人士：中國或香港特區政府仍將這些人視為中國公民，拒絕承認其外國國籍。例如，澳大利亞與中國雙重國籍的成蕾，儘管已取得外國國籍，理應自動喪失中國國籍，但中國政府仍然拒絕她的領事探視權。

申請放棄中國國籍的人士：即使根據法律，取得外國國籍後應自動喪失中國國籍，但放棄中國國籍的申請仍需經過審批，並可能因政治原因被拒。例如，擁有澳洲與香港雙重國籍的吳政亨，申請放棄中國國籍因政治因素未獲批，澳洲官員多次被拒領事探視。

已成功放棄中國國籍，但中國或香港特區政府未經同意恢復其中國國籍的人士：例如，桂敏海（瑞典）和李波（英國），他們已經取得外國國籍，但中國政府未經同意強行恢復他們的中國國籍，並拒絕他們的領事保護。

從未擁有中國國籍，但有中國居留權或中國血統的人士：例如黎智英和 “十二人” 中的郭子倫，他們持有外國國籍，並未持有中國護照，但仍被中國視為中國公民，進而拒絕其領事保護。

第一類：雙重國籍人士
加拿大外交部曾在2021年表示，香港已拒絕其領事館為擁有加拿大國籍的雙重國籍人士提供援助。加拿大在2021年1月18日收到第一份通知，一名在香港的加拿大雙重國籍囚犯被要求申報國籍，該公民被迫在他們的兩個國籍之間做出選擇放棄其中一個國籍。雖然報道並未提及該公民的選擇，但 加拿大外交部發言人Christelle Chartrand表示，渥太華已向香港政府表達關注，希望接受領事服務的加拿大人應隨時向當局表明自己是加拿大人。

而當時香港政府保安局發言人表示，「除非香港居民已向香港入境事務處提出申請，並獲准申報更改國籍，否則他仍是中國公民」。發言人引述《維也納領事關係公約》和中國與其他國家的雙邊協定，表示領事官員有權拜訪被市懲教署羈押的各自國家的國民，但無權拜訪任何被拘留的中國國民。

據路透社報道， 五位外交官表示，自二十多年前香港回歸中國統治以來，雙重國籍人士的領事探訪權基本上都是由當地政府批准的。其中兩位外交官表示，自2021年起，包括一些已在監獄服刑多年的人在內，這種探視權已被終止，有數十名囚犯受到影響......

[全文於棱角網站免費閱讀](https://points-media.com/%e9%a6%99%e6%b8%af/%e3%80%90%e8%a7%a3%e6%a7%8b%e9%9b%99%e9%87%8d%e5%9c%8b%e7%b1%8d%e3%80%91%e6%94%bf%e5%ba%9c%e7%ab%8b%e5%a0%b4%e5%8f%8a%e9%a6%99%e6%b8%af%e4%ba%ba%e9%9d%a2%e8%87%a8%e7%9a%84%e9%a2%a8%e9%9a%aa/)
#香港 #HongKong #棱角 #ThePointsGlobal #鄺頌晴 #解構雙重國籍",Uncategorized,Uncategorized
英國戰線 🇬🇧 Britons in Hong Kong/UK (頻道留言用),2024,October,28,Monday,14:00:51,Cheuklai721,https://www.youtube.com/live/FA4LJLF4CLE?si=hKk9xQt5dtB63LUy,Uncategorized,Uncategorized
英國戰線 🇬🇧 Britons in Hong Kong/UK (頻道留言用),2024,October,28,Monday,12:20:39,britonshk,"【反送中五週年．舊地重遊】
【抹不掉的歷史記憶 - 金鐘】

歷史記憶（Historical Memory）是指社會或個人對過去的事件、人物或時代的集體記憶和理解，是一個社會的共同記憶。歷史記憶往往與情感密切相關，不僅是知識的傳遞，還包括情感的傳承。

五年前一幕幕抗爭畫面，遍佈港九新界大街小巷；五年後的今天，抗爭痕跡已被沖洗，但人們的記憶卻永遠不會被磨滅。

本台製作了「舊地重遊」系列相集，讓大家回憶當年反送中運動的一點一滴之餘，再透過重遊舊地，讓大家作思考與回憶，讓歷史不會被篡改，真理不會被扭曲。

#反送中五周年
#歷史記憶

=============

更多資訊 ➡️ rfa.org/cantonese",Uncategorized,Uncategorized
英國戰線 🇬🇧 Britons in Hong Kong/UK (頻道留言用),2024,October,28,Monday,11:26:04,britonshk,"🇬🇧由烏魯木齊中路到倫敦
**白紙革命兩週年紀念**🏳🏳

//時間：2024年11月26日下午3點至6點
地點：49-51 Portland Pl, London W1B 1JL（倫敦中國大使館前）

2020至2022年，中國政府為應對新冠疫情，強行推行三年的「動態清零」政策。2022年11月24日，烏魯木齊一場火災中，整幢大廈的居民被強制隔離，樓道的門被反鎖，令住戶無法逃生，釀成10死9傷的人禍慘劇。呢件事激發咗民眾壓抑已久的怒火。兩日後，即11月26日，「白紙革命」由上海烏魯木齊中路爆發，成千上萬嘅民眾自發手持白紙，以無聲方式抗議動態清零、資訊封鎖同埋政治壓迫。隨住影響力擴大，越嚟越多人高喊「共產黨下台」、「習近平下台」，要求自由同民主。呢場運動以星火燎原之勢迅速蔓延至全中國至少21個省、24個主要城市同超過207間高校。同時，香港、澳門、台北、吉隆坡、倫敦、東京等世界各地嘅華人都紛紛加入，聲援白紙革命。隔咗一個月，中共政府最終宣佈取消動態清零政策。

即使抗議者喺內地遭到強力鎮壓，但白紙革命燃點起來嘅自由之火從未熄滅，向全世界展示咗中國人追求自由同民主嘅勇氣同智慧。11月26日，讓我哋一齊喺倫敦中國大使館前，紀念呢場勇敢嘅抗爭，為中國嘅未來繼續奮鬥。

活動內容：

 1. 開場儀式：白紙革命參與者及嘉賓演講
 2. 舉白紙默哀，悼念烏魯木齊火災逝去嘅民眾
 3. 點燃燭火，為中國未來嘅民主照亮道路
 4. 閉場儀式：喺大使館正門前焚燒國旗，象徵對壓迫嘅抗爭

創辦人：俞濱，王宇峻，程敏

團體：白紙小隊、中國民主黨、英國戰線公海、歐洲之聲

聯絡電郵：
A4RevolutionLondon@outlook.com
Instagram: @whitepaperteam

//

讓我哋一齊紀念呢場勇敢嘅鬥爭，為自由同人權嘅未來繼續努力。",Uncategorized,Uncategorized
英國戰線 🇬🇧 Britons in Hong Kong/UK (頻道留言用),2024,October,27,Sunday,17:31:12,Cheuklai721,https://www.youtube.com/live/yLKWveg2PMI?si=hkhZ5vfak8WgA5zQ,Uncategorized,Uncategorized
英國戰線 🇬🇧 Britons in Hong Kong/UK (頻道留言用),2024,October,27,Sunday,13:45:49,britonshk,"// 英國財相李韻晴（Rachel Reeves）將於周三（10月30日）發表2024秋季預算案，也是工黨政府上台後首份財政預算。

李韻晴早前批評前朝保守黨政府留下約220億鎊（約2,215億港元）「財政黑洞」，坦言預算案將很「痛苦」，要作出艱難決定。秋季預算案料將加稅及削減政府開支，總值400億鎊（約4,028億港元），由於工黨表明不會加重勞工壓力，不會增加國民保險（NI）、增值稅（VAT）或入息稅，故李韻晴的加稅選擇相對有限。//

【圖解DATA．英國秋季預算案前瞻｜加稅削開支填財政缺口   擬加資產增值稅遺產稅】

全文請到《追新聞》網站閱覽
https://thechasernews.co.uk/圖解data英國秋季預算案前瞻加稅削開支/

#英國 #秋季預算案 #遺產稅 #資產增值稅 #追新聞 #thechaser 
========================
🌟加入YouTube頻道會員支持《追新聞》運作🌟
https://www.youtube.com/channel/UC5l18oylJ8o7ihugk4F-3nw/join

《追新聞》無金主，只有您！為訂戶提供驚喜優惠，好讓大家支持本平台，再撐埋黃店。香港訂戶可分享給英國親友使用。

優惠詳情：https://thechasernews.co.uk/追新聞訂戶注意-新黃店優惠嚟啦/

報道無罪 知情有價 請即訂閱《追新聞》：
💰 Patreon｜https://www.patreon.com/thechasernews
💰 Stripe｜https://buy.stripe.com/7sI8zwgoA9HZ3Cg6oq
🔗 網站｜https://thechasernews.co.uk/
📺 YouTube｜https://www.youtube.com/channel/UC5l18oylJ8o7ihugk4F-3nw
📷 Instagram｜https://www.instagram.com/the_chaser_news
🌐 Facebook｜https://www.facebook.com/the.chaser.news
💬 Telegram Channel｜https://t.me/the_chaser_news
☕️ ko-fi｜https://ko-fi.com/thechasernews",Uncategorized,Uncategorized
英國戰線 🇬🇧 Britons in Hong Kong/UK (頻道留言用),2024,October,27,Sunday,1:57:45,britonshk,"【當年今日｜反修例回顧】2019年10月27日：「追究警暴」集會
https://bit.ly/3NFk0Gs",Uncategorized,Uncategorized
英國戰線 🇬🇧 Britons in Hong Kong/UK (頻道留言用),2024,October,27,Sunday,1:35:41,Cheuklai721,https://www.youtube.com/live/uQvJ38cR4TA?si=P_32zTNZ6LRfkt_S,Uncategorized,Uncategorized
英國戰線 🇬🇧 Britons in Hong Kong/UK (頻道留言用),2024,October,27,Sunday,1:16:15,britonshk,"// 籃球陪伴了無數香港人成長，見證不少黃毛小子變得成熟穩重。時移世易，跨越5,949英里，離散港人亦因籃球共聚於英國不同角落，積極地投身不同賽事。藉着籃球，決心創造屬於自己的香港人故事。

最近在「英格蘭香港人籃球聯賽」第二輪比賽中，憑藉與本地籃球隊比賽而得的經驗及球員長期刻苦訓練的成果，Watford HKERS以91:29戰勝Cheltenham Fellows。球隊表現如此出色，皆因球員一直專注認真比賽，捉緊每個時機，發揮訓練成果。

Watford HKERS籃球隊自2022年成立，由一群居住於Watford及St. Albans的籃球愛好者組成。成立初期，隊伍只有10位成員，但隨着時間推移和各位球員努力，隊伍不斷壯大，如今已有超過200位成員參與其中，經歷了顯著的成長：從初期的半場娛樂籃球到逐漸參與全場比賽，其後球隊踏足香港人籃球聯賽及本地Hertfordshire county聯賽。透過不斷訓練提升技術及積極參賽累積經驗，球隊由打「衞生波」轉向競技為主，實力逐步上升。//

【特約報道｜以波會友建立社群   在英港人決心在英國籃球界闖出一片天】

全文請到《追新聞》網站閱覽
https://thechasernews.co.uk/特約報道｜在英港人決心在英國籃球界闖出一片天/ 

#特約報道 #籃球 #英國 #英格蘭香港人籃球聯賽 #TheChaser #追新聞
===========================
🌟加入YouTube頻道會員支持《追新聞》運作🌟
https://www.youtube.com/channel/UC5l18oylJ8o7ihugk4F-3nw/join

《追新聞》無金主，只有您！為訂戶提供驚喜優惠，好讓大家支持本平台，再撐埋黃店。香港訂戶可分享給英國親友使用。

優惠詳情：https://thechasernews.co.uk/追新聞訂戶注意-新黃店優惠嚟啦/

報道無罪 知情有價 請即訂閱《追新聞》：
💰 Patreon｜https://www.patreon.com/thechasernews
💰 Stripe｜https://buy.stripe.com/7sI8zwgoA9HZ3Cg6oq
🌐 Facebook｜https://www.facebook.com/the.chaser.news",Uncategorized,Uncategorized
英國戰線 🇬🇧 Britons in Hong Kong/UK (頻道留言用),2024,October,26,Saturday,18:21:25,britonshk,,Uncategorized,Uncategorized
英國戰線 🇬🇧 Britons in Hong Kong/UK (頻道留言用),2024,October,26,Saturday,18:21:25,britonshk,,Uncategorized,Uncategorized
英國戰線 🇬🇧 Britons in Hong Kong/UK (頻道留言用),2024,October,26,Saturday,18:21:24,britonshk,,Uncategorized,Uncategorized
英國戰線 🇬🇧 Britons in Hong Kong/UK (頻道留言用),2024,October,26,Saturday,18:21:24,britonshk,,Uncategorized,Uncategorized
英國戰線 🇬🇧 Britons in Hong Kong/UK (頻道留言用),2024,October,26,Saturday,18:21:23,britonshk,,Uncategorized,Uncategorized
英國戰線 🇬🇧 Britons in Hong Kong/UK (頻道留言用),2024,October,26,Saturday,18:21:23,britonshk,,Uncategorized,Uncategorized
英國戰線 🇬🇧 Britons in Hong Kong/UK (頻道留言用),2024,October,26,Saturday,18:21:22,britonshk,"【在英加入工會Q&A】簡化版

[詳細內容](https://www.facebook.com/share/p/3GhKTsDYmBUDhzzE/)🗂

//1. 工會的保障作用
工會獨立於僱主和政府，致力捍衛員工權益。成為工會會員後，若遇紀律會面或需要申訴，工會會派代表協助。有些工會可集體談判改善工資和工作條件，如安全、假期和退休福利等，僱主更需在大規模變動前諮詢工會。2022年數據顯示，工會會員的平均薪金高出非會員3.5%，且工作更穩定。加入工會有助提高勞方議價能力。

2. 臨急抱佛腳行不通
多數工會規定會員需加入一段時間後，才能獲得全面保障，因此建議盡早入會。過往曾有工友因非會員身份，面對糾紛時未能得到工會協助。

3. 如何選擇工會？
可查看公司內是否有工會，或前往英國總工會TUC網站（ tuc.org.uk ），按行業找合適的工會。即使工作場所無工會，工會代表仍可幫你反映訴求。

4. 工會 vs 法律途徑
即使非會員也可向主管申訴或尋求ACAS協調，但有工會的話，工會可直接協助處理，不必經繁瑣法律程序。工會渠道更適合解決職場內部問題。

5. 工會會費
工會會費按收入等級、全職或兼職收取，約每月幾至十幾鎊。會費主要支持工會營運，並用於會員福利及法律支援，確保工會財務獨立。

6. 工會與工黨的關係
工黨由工會推動成立，工會曾在選舉中支援工黨，但兩者獨立運作。現時多數工會對工黨政綱持保留態度，並持續施壓爭取改善勞工保障。

7. 英國工會是否經常罷工？
近年生活成本上升，工資滯後，工會為爭取合理加薪才罷工。法律對罷工有嚴格規定，需多輪談判不成並經會員投票才能發動。//


Follow @HKLabourRights
.
#香港勞權監察 #HKLabourRights #勞權 #移英港人

***[

](http://petition.parliament.uk/petitions/640649)一個不忘討論抗爭嘅英國公海
📌 [加入TG公海](http://bit.ly/BHK1841)",Uncategorized,Uncategorized
英國戰線 🇬🇧 Britons in Hong Kong/UK (頻道留言用),2024,October,26,Saturday,13:58:39,Cheuklai721,https://www.youtube.com/live/FQfrU8x9ZWI?si=Em0iuZ1RQuAF18lp,Uncategorized,Uncategorized
英國戰線 🇬🇧 Britons in Hong Kong/UK (頻道留言用),2024,October,26,Saturday,5:28:30,GroupHelpBot,"歡迎18嚟到BHK舊公海，請到新討論區繼續交流

https://t.me/BHK1841",Uncategorized,Uncategorized
英國戰線 🇬🇧 Britons in Hong Kong/UK (頻道留言用),2024,October,26,Saturday,4:50:34,britonshk,"【當年今日｜反修例回顧】2019年10月26日：醫療專職集會
https://bit.ly/3YkuIqS",Uncategorized,Uncategorized
英國戰線 🇬🇧 Britons in Hong Kong/UK (頻道留言用),2024,October,25,Friday,18:38:50,britonshk,"【倫敦經貿辦案｜ 兩被告出席第二次聆訊 維持保釋條件不變 明年二月開審】

- 香港駐倫敦經貿辦間諜案第二次聆訊
- 被告袁松彪，及另一被告衞志樑先後到庭，無回應記者提問
- 二人暫時毋須答辯，法官Cheema Grubb批准二人繼續保釋，條件不變 
-下次聆訊將於11月22日；案件將於明年2月10日於中央刑事法院開審

全文：https://points-media.com/dyzy
-------------
📌 支持《棱角 The Points》亂世求真，贊助我們運作：
points-media.com/supports
📌 報料、投稿：
info@points-media.com
📌 緊貼《棱角 The Points》24小時零死角：
Facebook: @thepoints.global
Instagram | Telegram | Twitter: @points_global
Youtube: youtube.com/@thepointsglobal?sub_confirmation=1
Whatsapp Channel: https://rb.gy/cwvrw",Uncategorized,Uncategorized
