Group Name,Year,Month,Date,Weekday,Time,Who,Chat Content,CharCount,Processed Content,Category,Subcategory,Token Count
SheffieldğŸ‡¬ğŸ‡§æ¸¯äººäº’åŠ©å€,2024,October,27,Sunday,17:04:49,user56809,è¾²æ›†å¹´Sheffield æœ‰ç²µåŠ‡å‘€,17,user56809: è¾²æ›†å¹´Sheffield æœ‰ç²µåŠ‡å‘€,Social and Cultural Adjustment,Celebrating and Preserving Cultural Traditions,19
çœŸ.ITäººåœ¨è‹±åœ‹,2024,October,29,Tuesday,0:14:33,kevinlaw1984,"on 9, äº¤æˆæ™šç¨…
æˆ‘ç«‹å³å•ç¨…å±€ï¼Œä½¢è©±æˆ‘æ–‡ä»¶å¾é½Šã€‚
å’æˆ‘å°±åŒå¤ªå¤ªé‡ç”³å¡«å¥½ï¼Œæˆ‘åŒå¤ªå¤ªåŠ å°æœ‹å‹ çˆ¶æ¯å°±ä¸ç”¨æˆ‘æ‹± å†äº¤æ–‡ä»¶
å†æ¬¡æ”¶åˆ°ä¿¡éƒ½ä¿‚è¦äº¤å…©è¬å¹¾ æœ‰å†‡æ”ªæ’šéŒ¯",78,"kevinlaw1984: on 9, äº¤æˆæ™šç¨…
æˆ‘ç«‹å³å•ç¨…å±€ï¼Œä½¢è©±æˆ‘æ–‡ä»¶å¾é½Šã€‚
å’æˆ‘å°±åŒå¤ªå¤ªé‡ç”³å¡«å¥½ï¼Œæˆ‘åŒå¤ªå¤ªåŠ å°æœ‹å‹ çˆ¶æ¯å°±ä¸ç”¨æˆ‘æ‹± å†äº¤æ–‡ä»¶
å†æ¬¡æ”¶åˆ°ä¿¡éƒ½ä¿‚è¦äº¤å…©è¬å¹¾ æœ‰å†‡æ”ªæ’šéŒ¯",Legal and Bureaucratic Challenges,Understanding Tax Obligations,106
çœŸ.ITäººåœ¨è‹±åœ‹,2024,October,4,Friday,0:59:19,GeraldG0,èµ°å•¦ï¼Œå‘¢å€‹è°·æ‡‰è©²éƒ½å¥½å¤šäººèµ°å’—å»è‹±åœ‹,17,GeraldG0: èµ°å•¦ï¼Œå‘¢å€‹è°·æ‡‰è©²éƒ½å¥½å¤šäººèµ°å’—å»è‹±åœ‹,Social and Cultural Adjustment,Building Community and Social Connections,35
çœŸ.ITäººåœ¨è‹±åœ‹,2024,October,3,Thursday,2:40:46,kevinlaw1984,ä½†åšå¾—å¾ä¿‚å¤ªé–‹å¿ƒ,8,kevinlaw1984: ä½†åšå¾—å¾ä¿‚å¤ªé–‹å¿ƒ,Employment and Economic Opportunities,Job Market Competition,19
ğŸ‡¬ğŸ‡§ é½Šå‘Manchesterå‡ºç™¼ğŸ‡¬ğŸ‡§ é¦™æ¸¯äººåŠ æ²¹ğŸ‡­ğŸ‡°,2024,October,22,Tuesday,9:01:20,latteju,æˆ‘è€ƒå®Œtheory test å°±å³åˆ»bookè·¯è©¦ï¼Œæˆ‘ä¿‚è£œé˜ï¼Œä¿‚ç¾åœ‹ç‰Œå””å¯ä»¥ç›´æ›ï¼Œä¸Šå’—ä¸€æ¬¡å ‚ï¼Œå¸«å‚…å«æˆ‘æ”¹å€‹è¿‘å•²å˜…è€ƒå ´æ–¹ä¾¿å•²å»æ“ï¼ŒåŸæœ¬ä¿‚bookå’—10æœˆ10è™Ÿï¼Œä½†æ”¹è€ƒå ´å·²å»åˆ°ä¸€æœˆé ­ï¼Œå‰æ’é†’èµ·æ–°å¹´é ­å¯èƒ½é›£å•²å¤¾è£œé˜æ™‚é–“ï¼Œæ‰€ä»¥è«—ä½å†æ”¹æ™‚é–“,114,latteju: æˆ‘è€ƒå®Œtheory test å°±å³åˆ»bookè·¯è©¦ï¼Œæˆ‘ä¿‚è£œé˜ï¼Œä¿‚ç¾åœ‹ç‰Œå””å¯ä»¥ç›´æ›ï¼Œä¸Šå’—ä¸€æ¬¡å ‚ï¼Œå¸«å‚…å«æˆ‘æ”¹å€‹è¿‘å•²å˜…è€ƒå ´æ–¹ä¾¿å•²å»æ“ï¼ŒåŸæœ¬ä¿‚bookå’—10æœˆ10è™Ÿï¼Œä½†æ”¹è€ƒå ´å·²å»åˆ°ä¸€æœˆé ­ï¼Œå‰æ’é†’èµ·æ–°å¹´é ­å¯èƒ½é›£å•²å¤¾è£œé˜æ™‚é–“ï¼Œæ‰€ä»¥è«—ä½å†æ”¹æ™‚é–“,Transportation and Mobility,Adjusting to New Traffic Rules and Regulations,140
ğŸ‡¬ğŸ‡§ é½Šå‘Manchesterå‡ºç™¼ğŸ‡¬ğŸ‡§ é¦™æ¸¯äººåŠ æ²¹ğŸ‡­ğŸ‡°,2024,October,19,Saturday,6:01:52,user92757,æˆ‘è¦‹å”äººè¡—æœ‰å¹¾é–“é«®å‹å±‹ æœå¹¾é–“å‰ªç”·ä»”é ­æ‚å””æ‚?,23,user92757: æˆ‘è¦‹å”äººè¡—æœ‰å¹¾é–“é«®å‹å±‹ æœå¹¾é–“å‰ªç”·ä»”é ­æ‚å””æ‚?,Personal Care and Appearance,Finding Quality Hair Salons,41
ğŸ‡¬ğŸ‡§ é½Šå‘Manchesterå‡ºç™¼ğŸ‡¬ğŸ‡§ é¦™æ¸¯äººåŠ æ²¹ğŸ‡­ğŸ‡°,2024,October,18,Friday,23:31:17,HKIndependenxe,æœ‰æœ‹å‹å–ºå—°åº¦å‰ªéï¼Œè² è©•,11,HKIndependenxe: æœ‰æœ‹å‹å–ºå—°åº¦å‰ªéï¼Œè² è©•,Personal Care and Appearance,Poor Quality Hair Salon Services,25
ğŸ‡¬ğŸ‡§ é½Šå‘Manchesterå‡ºç™¼ğŸ‡¬ğŸ‡§ é¦™æ¸¯äººåŠ æ²¹ğŸ‡­ğŸ‡°,2024,October,18,Friday,12:59:43,user27915,æ›¼åŸå¸‚ä¸­é™„è¿‘è­˜é‚Šåº¦æœ‰é¦™æ¸¯é«®å‹å¸«,15,user27915: æ›¼åŸå¸‚ä¸­é™„è¿‘è­˜é‚Šåº¦æœ‰é¦™æ¸¯é«®å‹å¸«,Personal Care and Appearance,Locating Professional Hong Kong Hairstylists,28
ğŸ‡¬ğŸ‡§ é½Šå‘Manchesterå‡ºç™¼ğŸ‡¬ğŸ‡§ é¦™æ¸¯äººåŠ æ²¹ğŸ‡­ğŸ‡°,2024,October,18,Friday,7:33:44,user19487,è½åœ°ç„¡è€ æƒ³è­˜ä¸‹æœ‹å‹ å‘¨åœè¡Œä¸‹,15,user19487: è½åœ°ç„¡è€ æƒ³è­˜ä¸‹æœ‹å‹ å‘¨åœè¡Œä¸‹,Social and Cultural Adjustment,Building Community and Social Connections,27
ğŸ‡¬ğŸ‡§ é½Šå‘Manchesterå‡ºç™¼ğŸ‡¬ğŸ‡§ é¦™æ¸¯äººåŠ æ²¹ğŸ‡­ğŸ‡°,2024,October,17,Thursday,21:02:50,user24766,Hello æœ‰å†‡ç”·ä»”éƒ½ä¿‚è‡ªå·±ä¸€å€‹æ›¼åŸå‘€ï¼ŸğŸ˜€æ­¡è¿ä¸€é½Šçµ„åœ˜,27,user24766: Hello æœ‰å†‡ç”·ä»”éƒ½ä¿‚è‡ªå·±ä¸€å€‹æ›¼åŸå‘€ï¼ŸğŸ˜€æ­¡è¿ä¸€é½Šçµ„åœ˜,Social and Cultural Adjustment,Building Community and Social Connections,41
ğŸ‡¬ğŸ‡§ é½Šå‘Manchesterå‡ºç™¼ğŸ‡¬ğŸ‡§ é¦™æ¸¯äººåŠ æ²¹ğŸ‡­ğŸ‡°,2024,October,14,Monday,14:40:34,captaincatho,æœ‰å’©appå¯ä»¥ç·´æƒ…å¢ƒé¡Œï¼Œè¦è€ƒç­†è©¦ï¼ŒTheory 4 in 1 å¥½ä¼¼è¦å¦å¤–æ”¶éŒ¢,38,captaincatho: æœ‰å’©appå¯ä»¥ç·´æƒ…å¢ƒé¡Œï¼Œè¦è€ƒç­†è©¦ï¼ŒTheory 4 in 1 å¥½ä¼¼è¦å¦å¤–æ”¶éŒ¢,Education and Personal Development,Enrolling in Language and Integration Programs,47
ğŸ‡¬ğŸ‡§ é½Šå‘Manchesterå‡ºç™¼ğŸ‡¬ğŸ‡§ é¦™æ¸¯äººåŠ æ²¹ğŸ‡­ğŸ‡°,2024,October,12,Saturday,19:48:56,speakandmove,"è»è¨“ç©¶ç«Ÿæœ‰å¹¾è¾›è‹¦ï¼Ÿ

éš¨ä½è¶ŠåšŸè¶Šå¤šBNOæ‰‹è¶³æˆåŠŸåƒè»ï¼Œå¯èƒ½å¤§å®¶éƒ½æœƒè½éä½¢å“‹è©±Basic Training å¥½ç—›è‹¦ã€‚å¯èƒ½æœ‰å•²äººæœƒè¦ºå¾—è‡ªå·±æ“é–‹é«”èƒ½ï¼Œåˆæˆ–è€…ä¿¾â€˜basicâ€™å‘¢å€‹å­—å‘ƒåˆ°ï¼Œå°±è¦ºå¾—basic training ä¸å¤–å¦‚æ˜¯ã€‚æœ€è¿‘æˆ‘å“‹å…¶ä¸­ä¸€ä½æ‰‹è¶³å°±æ”¶åˆ°ä½¢é‡å¤–è¨“ç·´å—°æ™‚å˜…çè²´ç‰‡æ®µï¼Œå¯ä»¥ä¿¾å¤§å®¶æ„Ÿå—ä¸€å“è»è¨“å¯¦æ³ã€‚

ç‰‡æ®µæ‰€è¦‹å°±ä¿‚é‡å¤–è¨“ç·´å…¶ä¸­æœ€ç—›è‹¦å˜…ç’°ç¯€ä¹‹ä¸€â€™Ambushâ€™ã€‚ç•¶ä½ æ—¥é ­å·²ç¶“æ“åˆ°æ­»ï¼Œå¥½é›£å¾—å¯ä»¥æå…¥ç¡è¢‹ä¼‘æ¯ä¸€å…©å€‹é˜å˜…æ™‚å€™ï¼Œå¾€å¾€å°±æœƒé­é‡æ•µäººè¥²æ“Šè¦æå‡ºéƒ½æœªè¨“æš–å˜…ç¡è¢‹å»é‚„ç«ã€‚ç•¶åšå¾—å””å¥½å˜…æ™‚å€™ä»²è¦2åˆ†é˜packå¥½å“‚æ‰€æœ‰å˜¢æ¨¡æ“¬æˆ°æ•—æ’¤é€€ï¼Œå­­ä½40å…¬æ–¤è£å‚™å–ºé‡å¤–è·‘å¹¾å…¬é‡Œæµæ–°å˜…æ“šé»ã€‚æ§æ—å½ˆé›¨ä¹‹ä¸‹å°±åŒçœŸä¿‚ä¸Šå’—æˆ°å ´å†‡å’©åˆ†åˆ¥ã€‚

å–ºå’é«˜å¼·åº¦å˜…è¨“ç·´ä¹‹ä¸‹ï¼Œå¥½å¤šäººéƒ½æœƒæ±å””ä½æ”¾æ£„ï¼Œè»è¨“å˜…ç•¢æ¥­ç‡å¾—60%å·¦å³ã€‚ä¸éï¼Œæš«æ™‚æˆåŠŸå ±ååƒè»å˜…é¦™æ¸¯æ‰‹è¶³ï¼Œç•¢æ¥­ç‡æš«æ™‚ä»²ä¿‚100%",370,"speakandmove: è»è¨“ç©¶ç«Ÿæœ‰å¹¾è¾›è‹¦ï¼Ÿ

éš¨ä½è¶ŠåšŸè¶Šå¤šBNOæ‰‹è¶³æˆåŠŸåƒè»ï¼Œå¯èƒ½å¤§å®¶éƒ½æœƒè½éä½¢å“‹è©±Basic Training å¥½ç—›è‹¦ã€‚å¯èƒ½æœ‰å•²äººæœƒè¦ºå¾—è‡ªå·±æ“é–‹é«”èƒ½ï¼Œåˆæˆ–è€…ä¿¾â€˜basicâ€™å‘¢å€‹å­—å‘ƒåˆ°ï¼Œå°±è¦ºå¾—basic training ä¸å¤–å¦‚æ˜¯ã€‚æœ€è¿‘æˆ‘å“‹å…¶ä¸­ä¸€ä½æ‰‹è¶³å°±æ”¶åˆ°ä½¢é‡å¤–è¨“ç·´å—°æ™‚å˜…çè²´ç‰‡æ®µï¼Œå¯ä»¥ä¿¾å¤§å®¶æ„Ÿå—ä¸€å“è»è¨“å¯¦æ³ã€‚

ç‰‡æ®µæ‰€è¦‹å°±ä¿‚é‡å¤–è¨“ç·´å…¶ä¸­æœ€ç—›è‹¦å˜…ç’°ç¯€ä¹‹ä¸€â€™Ambushâ€™ã€‚ç•¶ä½ æ—¥é ­å·²ç¶“æ“åˆ°æ­»ï¼Œå¥½é›£å¾—å¯ä»¥æå…¥ç¡è¢‹ä¼‘æ¯ä¸€å…©å€‹é˜å˜…æ™‚å€™ï¼Œå¾€å¾€å°±æœƒé­é‡æ•µäººè¥²æ“Šè¦æå‡ºéƒ½æœªè¨“æš–å˜…ç¡è¢‹å»é‚„ç«ã€‚ç•¶åšå¾—å””å¥½å˜…æ™‚å€™ä»²è¦2åˆ†é˜packå¥½å“‚æ‰€æœ‰å˜¢æ¨¡æ“¬æˆ°æ•—æ’¤é€€ï¼Œå­­ä½40å…¬æ–¤è£å‚™å–ºé‡å¤–è·‘å¹¾å…¬é‡Œæµæ–°å˜…æ“šé»ã€‚æ§æ—å½ˆé›¨ä¹‹ä¸‹å°±åŒçœŸä¿‚ä¸Šå’—æˆ°å ´å†‡å’©åˆ†åˆ¥ã€‚

å–ºå’é«˜å¼·åº¦å˜…è¨“ç·´ä¹‹ä¸‹ï¼Œå¥½å¤šäººéƒ½æœƒæ±å””ä½æ”¾æ£„ï¼Œè»è¨“å˜…ç•¢æ¥­ç‡å¾—60%å·¦å³ã€‚ä¸éï¼Œæš«æ™‚æˆåŠŸå ±ååƒè»å˜…é¦™æ¸¯æ‰‹è¶³ï¼Œç•¢æ¥­ç‡æš«æ™‚ä»²ä¿‚100%",Employment and Economic Opportunities,Workplace Culture and Integration,512
ğŸ‡¬ğŸ‡§ é½Šå‘Manchesterå‡ºç™¼ğŸ‡¬ğŸ‡§ é¦™æ¸¯äººåŠ æ²¹ğŸ‡­ğŸ‡°,2024,October,12,Saturday,13:23:08,cyncye,è«‹å•ä¸€ä¸‹æœ‰å†‡æƒ³å¤¾ç§Ÿå•Š ã€‚ä¸‹å€‹æœˆå°¾é–‹å§‹ ã€‚,20,cyncye: è«‹å•ä¸€ä¸‹æœ‰å†‡æƒ³å¤¾ç§Ÿå•Š ã€‚ä¸‹å€‹æœˆå°¾é–‹å§‹ ã€‚,Housing and Living Arrangements,Shared Housing and Roommate Dynamics,31
ğŸ‡¬ğŸ‡§ é½Šå‘Manchesterå‡ºç™¼ğŸ‡¬ğŸ‡§ é¦™æ¸¯äººåŠ æ²¹ğŸ‡­ğŸ‡°,2024,October,12,Saturday,10:03:49,captaincatho,bno visa ä»²è¦ç§»æ°‘å¾‹å¸«ï¼Ÿ,16,captaincatho: bno visa ä»²è¦ç§»æ°‘å¾‹å¸«ï¼Ÿ,Legal and Bureaucratic Challenges,Navigating Immigration and Residency Requirements,20
ğŸ‡¬ğŸ‡§ é½Šå‘Manchesterå‡ºç™¼ğŸ‡¬ğŸ‡§ é¦™æ¸¯äººåŠ æ²¹ğŸ‡­ğŸ‡°,2024,October,11,Friday,9:37:54,tthhooj,å’å¤šä½ï¼Œè«‹å•æ›¼åŸæœ‰å†‡ç§»æ°‘å¾‹å¸«ï¼Œå¯ä»¥æ¨ä»‹ä¸€ä¸‹ğŸ™ğŸ»ğŸ™ğŸ»ï¼Œå””è©²æ™’,29,tthhooj: å’å¤šä½ï¼Œè«‹å•æ›¼åŸæœ‰å†‡ç§»æ°‘å¾‹å¸«ï¼Œå¯ä»¥æ¨ä»‹ä¸€ä¸‹ğŸ™ğŸ»ğŸ™ğŸ»ï¼Œå””è©²æ™’,Legal and Bureaucratic Challenges,Accessing Legal Aid or Advocacy Services,53
BNOæ±‚è·å‰µæ¥­äº’åŠ©è¨è«–å€,2024,October,22,Tuesday,7:39:02,user91383,è«‹å•åœ¨ç”³è«‹settlement ç­‰å€™çµæœæœŸé–“ï¼Œ å¦‚æœBNO Visa å·²éæœŸé‚£æ‡‰è©²æ€éº¼è¾¦ï¼Ÿè¦å†çºŒç°½BNO Visa å—ï¼Ÿ,60,user91383: è«‹å•åœ¨ç”³è«‹settlement ç­‰å€™çµæœæœŸé–“ï¼Œ å¦‚æœBNO Visa å·²éæœŸé‚£æ‡‰è©²æ€éº¼è¾¦ï¼Ÿè¦å†çºŒç°½BNO Visa å—ï¼Ÿ,Legal and Bureaucratic Challenges,Navigating Immigration and Residency Requirements,65
BNOæ±‚è·å‰µæ¥­äº’åŠ©è¨è«–å€,2024,October,7,Monday,15:53:03,user70511,Birmingham China town ä¸€è»Šä½å‡ºç§ŸğŸŒŸåƒ¹éŒ¢å¯å•†è­°â—ï¸,35,user70511: Birmingham China town ä¸€è»Šä½å‡ºç§ŸğŸŒŸåƒ¹éŒ¢å¯å•†è­°â—ï¸,Housing and Living Arrangements,Rising Rent and Housing Costs,30
è‹±åœ‹æˆ°ç·š ğŸ‡¬ğŸ‡§ Britons in Hong Kong/UK (é »é“ç•™è¨€ç”¨),2024,October,19,Saturday,8:20:58,user99339,å’æ¨£è¬›å³ä¿‚å†‡æ”¹è®ŠBNOè¦è·Ÿåœ‹éš›ç”Ÿæ”¯ä»˜å¤§å­¸å­¸è²»,22,user99339: å’æ¨£è¬›å³ä¿‚å†‡æ”¹è®ŠBNOè¦è·Ÿåœ‹éš›ç”Ÿæ”¯ä»˜å¤§å­¸å­¸è²»,Education and Personal Development,Financial Barriers to Education and Training,39
è‹±åœ‹æˆ°ç·š ğŸ‡¬ğŸ‡§ Britons in Hong Kong/UK (é »é“ç•™è¨€ç”¨),2024,October,17,Thursday,18:58:38,user56974,äº¤åœ‹éš›ç”Ÿå­¸è²»çœŸæ˜¯æ²’èƒ½åŠ›è² æ“”,13,user56974: äº¤åœ‹éš›ç”Ÿå­¸è²»çœŸæ˜¯æ²’èƒ½åŠ›è² æ“”,Education and Personal Development,Financial Barriers to Education and Training,26
æ›¼åŸå¥½æ±è¥¿,2024,October,25,Friday,18:19:42,yakipeter11111,è«‹æ•™ä¸‹ï¼Œå„ä½å†‡è»Šç‰Œæ—¢æœ‰å’©å…¶ä»–å¯¦ç”¨æ—¢ä»£æ­¥æ–¹æ³•ï¼Ÿ,22,yakipeter11111: è«‹æ•™ä¸‹ï¼Œå„ä½å†‡è»Šç‰Œæ—¢æœ‰å’©å…¶ä»–å¯¦ç”¨æ—¢ä»£æ­¥æ–¹æ³•ï¼Ÿ,Transportation and Mobility,Navigating Public Transportation Systems,40
æ›¼åŸå¥½æ±è¥¿,2024,October,16,Wednesday,19:58:07,kkkkkk45695,"è«‹æ•™ä¸‹æŠ½æ²¹ç…™æ©Ÿä¿‚å…§å¾ªç’°å¼ï¼Œå»šæˆ¿åˆå””è¿‘çª—ï¼Œä¿‚å’ªéƒ½å””æ´—æ—¨æ„ç…ç‚’é‡ï¼ŸğŸ¥²

åŒåŸ‹å‡ºé¢¨ä½ç‰†èº«å¤©èŠ±ä¿‚å’ªæœƒå¥½æ˜“ç™¼éœ‰ï¼Œæœ‰æ²¹æ¼¬ï¼Ÿ",55,"kkkkkk45695: è«‹æ•™ä¸‹æŠ½æ²¹ç…™æ©Ÿä¿‚å…§å¾ªç’°å¼ï¼Œå»šæˆ¿åˆå””è¿‘çª—ï¼Œä¿‚å’ªéƒ½å””æ´—æ—¨æ„ç…ç‚’é‡ï¼ŸğŸ¥²

åŒåŸ‹å‡ºé¢¨ä½ç‰†èº«å¤©èŠ±ä¿‚å’ªæœƒå¥½æ˜“ç™¼éœ‰ï¼Œæœ‰æ²¹æ¼¬ï¼Ÿ",Housing and Living Arrangements,Adjusting to Different Housing Standards,104
æ›¼åŸå¥½æ±è¥¿,2024,October,15,Tuesday,19:39:46,Mr_Vincent,æƒ³å¸¶å±‹ä¼è€äººå®¶åŒå¤šdäººå‚¾è¨ˆï¼Œå””æƒ³ä½¢æˆæ—¥ä¿‚å±‹ä¼,22,Mr_Vincent: æƒ³å¸¶å±‹ä¼è€äººå®¶åŒå¤šdäººå‚¾è¨ˆï¼Œå””æƒ³ä½¢æˆæ—¥ä¿‚å±‹ä¼,Family Dynamics and Support,Caring for Aging Parents Remotely,38
æ›¼åŸå¥½æ±è¥¿,2024,October,15,Tuesday,18:57:48,Mr_Vincent,æœ‰ç„¡då¯ä»¥æ¯”è€äººå®¶å‚¾ä¸‹è¨ˆï¼Ÿ,13,Mr_Vincent: æœ‰ç„¡då¯ä»¥æ¯”è€äººå®¶å‚¾ä¸‹è¨ˆï¼Ÿ,Social and Cultural Adjustment,Building Community and Social Connections,20
æ›¼åŸå¥½æ±è¥¿,2024,October,15,Tuesday,17:50:38,Mr_Vincent,æƒ³å•ä¸‹æ›¼åŸæœ‰å’©æ¯”è€äººå®¶ç©æ—¢æ´»å‹•ï¼Ÿ,16,Mr_Vincent: æƒ³å•ä¸‹æ›¼åŸæœ‰å’©æ¯”è€äººå®¶ç©æ—¢æ´»å‹•ï¼Ÿ,Social and Cultural Adjustment,Building Community and Social Connections,28
æ›¼åŸå¥½æ±è¥¿,2024,October,14,Monday,19:03:18,whoami_whoknows,"æœ‹å‹æœ‰å…¨æ–°è£ä¿®å…©æˆ¿æ’å±‹å°¾æ”¾ç›¤ï¼ŒÂ£1200 , æœ‰æ„å¯pm æˆ‘ç‡video åŒç›¸",39,"whoami_whoknows: æœ‹å‹æœ‰å…¨æ–°è£ä¿®å…©æˆ¿æ’å±‹å°¾æ”¾ç›¤ï¼ŒÂ£1200 , æœ‰æ„å¯pm æˆ‘ç‡video åŒç›¸",Housing and Living Arrangements,Rising Rent and Housing Costs,47
æ›¼åŸå¥½æ±è¥¿,2024,October,13,Sunday,14:01:07,Mr_Vincent,è€Œå®¶æ„ˆä¾†æ„ˆä¿éšœç§Ÿå®¢ï¼Œæ¥­ä¸»æ”¾ç§Ÿéƒ½æœ‰é¢¨éšª,18,Mr_Vincent: è€Œå®¶æ„ˆä¾†æ„ˆä¿éšœç§Ÿå®¢ï¼Œæ¥­ä¸»æ”¾ç§Ÿéƒ½æœ‰é¢¨éšª,Housing and Living Arrangements,Rising Rent and Housing Costs,34
æ›¼åŸå¥½æ±è¥¿,2024,October,12,Saturday,20:41:04,Mr_Vincent,"æˆ‘ä¹‹å‰b&bä½échorlton ï¼Œæ„Ÿè¦ºçœŸä¿‚å¹¾å¥½ï¼Œå€‹åƒ¹åŒsaleå·®å””å¤šï¼Œä½†åˆä¿‚å‚³çµ±æ ¡ç¶²å¥½æ—¢å€ï¼Œé£Ÿé‡åˆå¤šé¸æ“‡ï¼Œåˆæ–°å¸‚å€
ä½†å› ç‚ºç„¡æ–°ç›¤YouTuberç„¡éŒ¢è³ºå°±å””æ",79,"Mr_Vincent: æˆ‘ä¹‹å‰b&bä½échorlton ï¼Œæ„Ÿè¦ºçœŸä¿‚å¹¾å¥½ï¼Œå€‹åƒ¹åŒsaleå·®å””å¤šï¼Œä½†åˆä¿‚å‚³çµ±æ ¡ç¶²å¥½æ—¢å€ï¼Œé£Ÿé‡åˆå¤šé¸æ“‡ï¼Œåˆæ–°å¸‚å€
ä½†å› ç‚ºç„¡æ–°ç›¤YouTuberç„¡éŒ¢è³ºå°±å””æ",Housing and Living Arrangements,Adjusting to Different Housing Standards,104
æ›¼åŸå¥½æ±è¥¿,2024,October,12,Saturday,14:31:07,yakipeter11111,"ä¿‚èˆŠæ¨“ã€‚Salford around 200k, å…¶ä»–å€å†ä½déƒ½æœ‰

ä¸éæœ€è¡°æˆ‘å†‡è»Šç‰Œï¼Œæ‰€ä»¥é€šå¸¸ç‡æœ‰metrolinkçš„å€åŸŸ",62,"yakipeter11111: ä¿‚èˆŠæ¨“ã€‚Salford around 200k, å…¶ä»–å€å†ä½déƒ½æœ‰

ä¸éæœ€è¡°æˆ‘å†‡è»Šç‰Œï¼Œæ‰€ä»¥é€šå¸¸ç‡æœ‰metrolinkçš„å€åŸŸ",Transportation and Mobility,Navigating Public Transportation Systems,66
æ›¼åŸå¥½æ±è¥¿,2024,October,12,Saturday,13:46:21,Mr_Vincent,"èˆŠæ¨“é›–ç„¶å¤§ï¼Œä½†é–“éš”æœªå¿…å’å¯¦ç”¨
æ–°æ¨“æ¯”èˆŠæ¨“ç´°ï¼Œä½†éƒ¨ä»½æ–°æ¨“é–“éš”å¥½ç”¨
èˆŠæ¨“ç‡ééç™¾é–“ï¼Œä½†é–“éš”å¥½å¤šéƒ½é¦¬é¦¬ï¼Œæˆ–è€…å¯èƒ½æ”¶ç´ä¸Šé¦™æ¸¯äººåŒæœ¬åœ°äººæ—¢ç¿’æ…£å””åŒ
ç•¶ç„¶æ–°æ¨“éƒ½å””ä¸€å®šå¥½ï¼Œæˆ‘åŒæ‘éƒ½æœ‰då€‹é–“éš”é–“åˆ°å””çŸ¥é»æ“ºé‡
é¢ç©ä¸ŠèˆŠæ¨“3æˆ¿å€‹dä»²å¤§éæ–°æ¨“4æˆ¿ï¼Œè¨ˆé¢ç©èˆŠæ¨“ç•¶ç„¶å¥½d
ç•¶ç„¶ä½ äº¦å¯ä»¥æ‰‘å“‚dé–“éš”è‡ªå·±æµäººå†æ
ä¸éæµå€‹å¥½æ—¢è£ä¿®éƒ½ä¿‚è¦ç‡å½©æ•¸",155,"Mr_Vincent: èˆŠæ¨“é›–ç„¶å¤§ï¼Œä½†é–“éš”æœªå¿…å’å¯¦ç”¨
æ–°æ¨“æ¯”èˆŠæ¨“ç´°ï¼Œä½†éƒ¨ä»½æ–°æ¨“é–“éš”å¥½ç”¨
èˆŠæ¨“ç‡ééç™¾é–“ï¼Œä½†é–“éš”å¥½å¤šéƒ½é¦¬é¦¬ï¼Œæˆ–è€…å¯èƒ½æ”¶ç´ä¸Šé¦™æ¸¯äººåŒæœ¬åœ°äººæ—¢ç¿’æ…£å””åŒ
ç•¶ç„¶æ–°æ¨“éƒ½å””ä¸€å®šå¥½ï¼Œæˆ‘åŒæ‘éƒ½æœ‰då€‹é–“éš”é–“åˆ°å””çŸ¥é»æ“ºé‡
é¢ç©ä¸ŠèˆŠæ¨“3æˆ¿å€‹dä»²å¤§éæ–°æ¨“4æˆ¿ï¼Œè¨ˆé¢ç©èˆŠæ¨“ç•¶ç„¶å¥½d
ç•¶ç„¶ä½ äº¦å¯ä»¥æ‰‘å“‚dé–“éš”è‡ªå·±æµäººå†æ
ä¸éæµå€‹å¥½æ—¢è£ä¿®éƒ½ä¿‚è¦ç‡å½©æ•¸",Housing and Living Arrangements,Adjusting to Different Housing Standards,243
æ›¼åŸå¥½æ±è¥¿,2024,October,12,Saturday,10:16:13,user56528,"æˆ‘æƒ³è«‹å•ä¸€ä¸‹ï¼Œ æˆ‘ä¹‹å‰ç§Ÿå±‹ï¼Œ agent æœƒæ”¶å·¦5 å€‹æ˜ŸæœŸï¼ˆå®š6å€‹æ˜ŸæœŸï¼‰ $ æ—¢deposit , æˆ‘å®Œå·¦contract ä½¢å¹¾è€å…ˆæœƒæ¯”è¿”æˆ‘ï¼Ÿ è€Œå®¶éå·¦ä¸€å€‹æœˆéƒ½æ”¶å””åˆ°",83,"user56528: æˆ‘æƒ³è«‹å•ä¸€ä¸‹ï¼Œ æˆ‘ä¹‹å‰ç§Ÿå±‹ï¼Œ agent æœƒæ”¶å·¦5 å€‹æ˜ŸæœŸï¼ˆå®š6å€‹æ˜ŸæœŸï¼‰ $ æ—¢deposit , æˆ‘å®Œå·¦contract ä½¢å¹¾è€å…ˆæœƒæ¯”è¿”æˆ‘ï¼Ÿ è€Œå®¶éå·¦ä¸€å€‹æœˆéƒ½æ”¶å””åˆ°",Housing and Living Arrangements,Financial and Legal Challenges in Housing Contracts,86
æ›¼åŸå¥½æ±è¥¿,2024,October,12,Saturday,9:22:34,McMcshop,200kä»¥ä¸‹ä¸€å®šä¿‚èˆŠæ¨“ï¼Œå””çŸ¥ä½ æœ‰å†‡ç¶“é©—ï¼Œå¥½å¤šé‡éƒ½è¦çŸ¥é“ï¼Œå¤ªå¤šå•é¡Œçš„èˆŠæ¨“åƒ¹éŒ¢ä¿‚150-250Kã€‚,47,McMcshop: 200kä»¥ä¸‹ä¸€å®šä¿‚èˆŠæ¨“ï¼Œå””çŸ¥ä½ æœ‰å†‡ç¶“é©—ï¼Œå¥½å¤šé‡éƒ½è¦çŸ¥é“ï¼Œå¤ªå¤šå•é¡Œçš„èˆŠæ¨“åƒ¹éŒ¢ä¿‚150-250Kã€‚,Housing and Living Arrangements,Understanding House Purchase Processes and Potential Issues,63
