Group Name,Year,Month,Date,Weekday,Time,Who,Chat Content,CharCount,Processed Content
Nottingham ğŸ‡¬ğŸ‡§æ¸¯äººäº’åŠ©å€,2024,October,22,Tuesday,22:34:43,,æˆ‘ä¿‚,2,nan: æˆ‘ä¿‚
Nottingham ğŸ‡¬ğŸ‡§æ¸¯äººäº’åŠ©å€,2024,October,9,Wednesday,23:36:57,MMCDR,æœ‰æˆ¿å‡ºç§Ÿ,4,MMCDR: æœ‰æˆ¿å‡ºç§Ÿ
çœŸ.ITäººåœ¨è‹±åœ‹,2024,October,15,Tuesday,12:05:33,Aqabu,æ­£ï¼,2,Aqabu: æ­£ï¼
çœŸ.ITäººåœ¨è‹±åœ‹,2024,October,7,Monday,1:11:59,kevinlaw1984,ä½ ç•¶è¿”é€šå®µ,5,kevinlaw1984: ä½ ç•¶è¿”é€šå®µ
çœŸ.ITäººåœ¨è‹±åœ‹,2024,October,7,Monday,1:11:47,kevinlaw1984,yes,3,kevinlaw1984: yes
çœŸ.ITäººåœ¨è‹±åœ‹,2024,October,4,Friday,13:38:21,rexwongwh,åŠ æ²¹,2,rexwongwh: åŠ æ²¹
çœŸ.ITäººåœ¨è‹±åœ‹,2024,October,3,Thursday,7:23:00,GeraldG0,é»è§£å‘€ï¼Ÿ,4,GeraldG0: é»è§£å‘€ï¼Ÿ
çœŸ.ITäººåœ¨è‹±åœ‹,2024,October,2,Wednesday,10:18:28,kumamoto_fatyeah,siu4,4,kumamoto_fatyeah: siu4
BNOè‹±åœ‹è¨è«–å€,2024,October,30,Wednesday,9:27:55,zfanman,è´å¾—ï¼Ÿï¼,4,zfanman: è´å¾—ï¼Ÿï¼
BNOè‹±åœ‹è¨è«–å€,2024,October,15,Tuesday,11:02:50,,æ­£å””æ­£,3,nan: æ­£å””æ­£
ğŸ‡¬ğŸ‡§ é½Šå‘Manchesterå‡ºç™¼ğŸ‡¬ğŸ‡§ é¦™æ¸¯äººåŠ æ²¹ğŸ‡­ğŸ‡°,2024,October,22,Tuesday,11:07:02,captaincatho,å¥½ï¼Œå””è©²ğŸ˜˜,5,captaincatho: å¥½ï¼Œå””è©²ğŸ˜˜
ğŸ‡¬ğŸ‡§ é½Šå‘Manchesterå‡ºç™¼ğŸ‡¬ğŸ‡§ é¦™æ¸¯äººåŠ æ²¹ğŸ‡­ğŸ‡°,2024,October,19,Saturday,6:20:27,CCCCCMint,Cls,3,CCCCCMint: Cls
ğŸ‡¬ğŸ‡§ é½Šå‘Manchesterå‡ºç™¼ğŸ‡¬ğŸ‡§ é¦™æ¸¯äººåŠ æ²¹ğŸ‡­ğŸ‡°,2024,October,18,Friday,14:01:46,,è¬,1,nan: è¬
ğŸ‡¬ğŸ‡§ é½Šå‘Manchesterå‡ºç™¼ğŸ‡¬ğŸ‡§ é¦™æ¸¯äººåŠ æ²¹ğŸ‡­ğŸ‡°,2024,October,18,Friday,9:15:23,charlesyeungg,Kam,3,charlesyeungg: Kam
ğŸ‡¬ğŸ‡§ é½Šå‘Manchesterå‡ºç™¼ğŸ‡¬ğŸ‡§ é¦™æ¸¯äººåŠ æ²¹ğŸ‡­ğŸ‡°,2024,October,14,Monday,21:16:19,gudegudeleopard,å””éŒ¯,2,gudegudeleopard: å””éŒ¯
ğŸ‡¬ğŸ‡§ é½Šå‘Manchesterå‡ºç™¼ğŸ‡¬ğŸ‡§ é¦™æ¸¯äººåŠ æ²¹ğŸ‡­ğŸ‡°,2024,October,6,Sunday,19:52:10,HKIndependenxe,æ„Ÿè¬ğŸ™ğŸ»,4,HKIndependenxe: æ„Ÿè¬ğŸ™ğŸ»
BNOæ±‚è·å‰µæ¥­äº’åŠ©è¨è«–å€,2024,October,15,Tuesday,11:02:49,,æ­£å””æ­£,3,nan: æ­£å””æ­£
BNOæ±‚è·å‰µæ¥­äº’åŠ©è¨è«–å€,2024,October,11,Friday,12:14:16,zfanman,å¦‚ä¸Š,2,zfanman: å¦‚ä¸Š
è‹±åœ‹æˆ°ç·š ğŸ‡¬ğŸ‡§ Britons in Hong Kong/UK (é »é“ç•™è¨€ç”¨),2024,October,30,Wednesday,2:48:11,DieEvilPopo,é»‘è­¦æ­»å…¨å®¶,5,DieEvilPopo: é»‘è­¦æ­»å…¨å®¶
è‹±åœ‹æˆ°ç·š ğŸ‡¬ğŸ‡§ Britons in Hong Kong/UK (é »é“ç•™è¨€ç”¨),2024,October,23,Wednesday,14:30:18,rexwongwh,æ–°åŠ å¡è³¤äºº,5,rexwongwh: æ–°åŠ å¡è³¤äºº
æ›¼åŸå¥½æ±è¥¿,2024,November,1,Friday,11:37:22,onlyucandoit,æœ‰å†‡ç´‹èº«,4,onlyucandoit: æœ‰å†‡ç´‹èº«
æ›¼åŸå¥½æ±è¥¿,2024,October,29,Tuesday,11:47:40,Unknown,è»Šé–€é˜²æ’è²¼,5,Unknown: è»Šé–€é˜²æ’è²¼
æ›¼åŸå¥½æ±è¥¿,2024,October,25,Friday,20:58:05,kkkkkk45695,å–®è»ŠğŸ˜‚,3,kkkkkk45695: å–®è»ŠğŸ˜‚
æ›¼åŸå¥½æ±è¥¿,2024,October,16,Wednesday,22:20:11,,"BP,",3,"nan: BP,"
æ›¼åŸå¥½æ±è¥¿,2024,October,13,Sunday,2:01:34,mmmmmmmmmm0809,è·¨åœ‹å…¬å¸,4,mmmmmmmmmm0809: è·¨åœ‹å…¬å¸
æ›¼åŸå¥½æ±è¥¿,2024,October,12,Saturday,20:42:08,,å”¯æœ‰å†è¿½ğŸ¥²,5,nan: å”¯æœ‰å†è¿½ğŸ¥²
æ›¼åŸå¥½æ±è¥¿,2024,October,12,Saturday,20:38:22,Mr_Vincent,çœŸ,1,Mr_Vincent: çœŸ
æ›¼åŸå¥½æ±è¥¿,2024,October,12,Saturday,10:01:56,Balljei,/sale,5,Balljei: /sale
æ›¼åŸå¥½æ±è¥¿,2024,October,12,Saturday,9:55:09,hmttsang,ä»²è¦æ”¹è»Œ,4,hmttsang: ä»²è¦æ”¹è»Œ
æ›¼åŸå¥½æ±è¥¿,2024,October,11,Friday,19:13:32,yakipeter11111,é‚Šå€ï¼ŸğŸ˜,4,yakipeter11111: é‚Šå€ï¼ŸğŸ˜
æ›¼åŸå¥½æ±è¥¿,2024,October,11,Friday,19:05:28,yakipeter11111,å’©æ„æ€ï¼Ÿ,4,yakipeter11111: å’©æ„æ€ï¼Ÿ
æ›¼åŸå¥½æ±è¥¿,2024,October,10,Thursday,19:46:54,Paulkkwong,å’ä¸Šä¸‹,3,Paulkkwong: å’ä¸Šä¸‹
æ›¼åŸå¥½æ±è¥¿,2024,October,10,Thursday,19:34:07,aapower,åŠ æ²¹ ğŸ’ª,4,aapower: åŠ æ²¹ ğŸ’ª
æ›¼åŸå¥½æ±è¥¿,2024,October,10,Thursday,10:28:43,Amysmail,ç´°,1,Amysmail: ç´°
æ›¼åŸå¥½æ±è¥¿,2024,October,10,Thursday,10:25:22,Amysmail,å¥½ç´°é–“,3,Amysmail: å¥½ç´°é–“
æ›¼åŸå¥½æ±è¥¿,2024,October,10,Thursday,9:59:58,kkkkkk45695,YES,3,kkkkkk45695: YES
æ›¼åŸå¥½æ±è¥¿,2024,October,8,Tuesday,11:01:38,McMcshop,å‘¢é–“æ’48,5,McMcshop: å‘¢é–“æ’48
æ›¼åŸå¥½æ±è¥¿,2024,October,8,Tuesday,9:37:40,mylady8888,å‘¢é–“å‹wo,5,mylady8888: å‘¢é–“å‹wo
æ›¼åŸå¥½æ±è¥¿,2024,October,7,Monday,22:16:57,mylady8888,è«‹å•é‚Šä¸‰å¤§,5,mylady8888: è«‹å•é‚Šä¸‰å¤§
æ›¼åŸå¥½æ±è¥¿,2024,October,6,Sunday,0:03:27,Samsonws,æœ‰,1,Samsonws: æœ‰
æ›¼åŸå¥½æ±è¥¿,2024,October,5,Saturday,16:43:42,,ä½ç½®é‚£è£¡,4,nan: ä½ç½®é‚£è£¡
æ›¼åŸå¥½æ±è¥¿,2024,October,5,Saturday,16:42:06,Mr_Vincent,è²´ğŸ˜‚,2,Mr_Vincent: è²´ğŸ˜‚
æ›¼åŸå¥½æ±è¥¿,2024,October,5,Saturday,16:19:34,,æ€§åƒ¹æ¯”,3,nan: æ€§åƒ¹æ¯”
æ›¼åŸå¥½æ±è¥¿,2024,October,5,Saturday,15:29:41,,SK8ğŸ¤”,4,nan: SK8ğŸ¤”
æ›¼åŸå¥½æ±è¥¿,2024,October,4,Friday,12:57:45,Reusbrother,æ²»å®‰okï¼Ÿ,5,Reusbrother: æ²»å®‰okï¼Ÿ
æ›¼åŸå¥½æ±è¥¿,2024,October,4,Friday,9:33:35,Paulkkwong,è²·,1,Paulkkwong: è²·
æ›¼åŸå¥½æ±è¥¿,2024,October,2,Wednesday,23:39:03,Chatsterchan,7å°æ™‚å·¥ä½œ,5,Chatsterchan: 7å°æ™‚å·¥ä½œ
æ›¼åŸå¥½æ±è¥¿,2024,October,2,Wednesday,12:51:40,whoami_whoknows,é’æœ¨å ‚,3,whoami_whoknows: é’æœ¨å ‚
æ›¼åŸå¥½æ±è¥¿,2024,October,1,Tuesday,21:24:25,,å””ç†Ÿå””é£Ÿ,4,nan: å””ç†Ÿå””é£Ÿ
è‹±åœ‹æˆ°ç·š å…¬æµ· 2.0 ğŸ‡¬ğŸ‡§ By Britons in Hong Kong/UK,2024,November,1,Friday,12:45:23,synnoveescape,ä½ çµ‚æ–¼ä¸Šæ°´,5,synnoveescape: ä½ çµ‚æ–¼ä¸Šæ°´
è‹±åœ‹æˆ°ç·š å…¬æµ· 2.0 ğŸ‡¬ğŸ‡§ By Britons in Hong Kong/UK,2024,October,31,Thursday,15:03:58,Windanz,ä»€éº¼æ´»å‹•ï¼Ÿ,5,Windanz: ä»€éº¼æ´»å‹•ï¼Ÿ
è‹±åœ‹æˆ°ç·š å…¬æµ· 2.0 ğŸ‡¬ğŸ‡§ By Britons in Hong Kong/UK,2024,October,31,Thursday,14:39:20,vBondScot,é‚Šå€‹ä¸»è¾¦,4,vBondScot: é‚Šå€‹ä¸»è¾¦
è‹±åœ‹æˆ°ç·š å…¬æµ· 2.0 ğŸ‡¬ğŸ‡§ By Britons in Hong Kong/UK,2024,October,31,Thursday,12:24:00,GetALifeLa,ä½¢åˆé»ï¼Ÿ,4,GetALifeLa: ä½¢åˆé»ï¼Ÿ
è‹±åœ‹æˆ°ç·š å…¬æµ· 2.0 ğŸ‡¬ğŸ‡§ By Britons in Hong Kong/UK,2024,October,30,Wednesday,23:50:55,,çµ‚æ–¼åšå˜¢,4,nan: çµ‚æ–¼åšå˜¢
è‹±åœ‹æˆ°ç·š å…¬æµ· 2.0 ğŸ‡¬ğŸ‡§ By Britons in Hong Kong/UK,2024,October,30,Wednesday,22:59:08,,å””æœƒè¿”å»æ›,5,nan: å””æœƒè¿”å»æ›
è‹±åœ‹æˆ°ç·š å…¬æµ· 2.0 ğŸ‡¬ğŸ‡§ By Britons in Hong Kong/UK,2024,October,30,Wednesday,10:07:13,Windanz,ååˆ¶å•¦,3,Windanz: ååˆ¶å•¦
è‹±åœ‹æˆ°ç·š å…¬æµ· 2.0 ğŸ‡¬ğŸ‡§ By Britons in Hong Kong/UK,2024,October,29,Tuesday,21:56:04,I_Love_Salad,å°å³¶é¢¨æƒ…,4,I_Love_Salad: å°å³¶é¢¨æƒ…
è‹±åœ‹æˆ°ç·š å…¬æµ· 2.0 ğŸ‡¬ğŸ‡§ By Britons in Hong Kong/UK,2024,October,29,Tuesday,20:23:21,Windanz,æœ‰å•²å””åŒğŸ§,5,Windanz: æœ‰å•²å””åŒğŸ§
è‹±åœ‹æˆ°ç·š å…¬æµ· 2.0 ğŸ‡¬ğŸ‡§ By Britons in Hong Kong/UK,2024,October,29,Tuesday,20:03:52,KotoriBaby,åœå…¬ç¢¼é ­,4,KotoriBaby: åœå…¬ç¢¼é ­
è‹±åœ‹æˆ°ç·š å…¬æµ· 2.0 ğŸ‡¬ğŸ‡§ By Britons in Hong Kong/UK,2024,October,29,Tuesday,17:18:13,fjhwkdbrjhwkfnkskw,è‹±åœ‹å‘¢ï¼Ÿ,4,fjhwkdbrjhwkfnkskw: è‹±åœ‹å‘¢ï¼Ÿ
è‹±åœ‹æˆ°ç·š å…¬æµ· 2.0 ğŸ‡¬ğŸ‡§ By Britons in Hong Kong/UK,2024,October,28,Monday,7:28:01,hkhiker,äº‚å’æ¸›ç¨…,4,hkhiker: äº‚å’æ¸›ç¨…
è‹±åœ‹æˆ°ç·š å…¬æµ· 2.0 ğŸ‡¬ğŸ‡§ By Britons in Hong Kong/UK,2024,October,28,Monday,7:27:48,hkhiker,éƒ½çœŸ ğŸ˜±ğŸ˜±,5,hkhiker: éƒ½çœŸ ğŸ˜±ğŸ˜±
è‹±åœ‹æˆ°ç·š å…¬æµ· 2.0 ğŸ‡¬ğŸ‡§ By Britons in Hong Kong/UK,2024,October,27,Sunday,18:11:38,captaincatho,é»è¨“å…¥å»,4,captaincatho: é»è¨“å…¥å»
è‹±åœ‹æˆ°ç·š å…¬æµ· 2.0 ğŸ‡¬ğŸ‡§ By Britons in Hong Kong/UK,2024,October,27,Sunday,14:37:19,synnoveescape,å¥½å¥½å¤š,3,synnoveescape: å¥½å¥½å¤š
è‹±åœ‹æˆ°ç·š å…¬æµ· 2.0 ğŸ‡¬ğŸ‡§ By Britons in Hong Kong/UK,2024,October,27,Sunday,13:42:31,Windanz,å¥½å¤šæ¶éƒ½,4,Windanz: å¥½å¤šæ¶éƒ½
è‹±åœ‹æˆ°ç·š å…¬æµ· 2.0 ğŸ‡¬ğŸ‡§ By Britons in Hong Kong/UK,2024,October,26,Saturday,23:03:47,Windanz,ä¿‚ç‰™,2,Windanz: ä¿‚ç‰™
è‹±åœ‹æˆ°ç·š å…¬æµ· 2.0 ğŸ‡¬ğŸ‡§ By Britons in Hong Kong/UK,2024,October,26,Saturday,21:40:47,Windanz,ä¾‹å¦‚æˆ‘å›‰ğŸ˜‚,5,Windanz: ä¾‹å¦‚æˆ‘å›‰ğŸ˜‚
è‹±åœ‹æˆ°ç·š å…¬æµ· 2.0 ğŸ‡¬ğŸ‡§ By Britons in Hong Kong/UK,2024,October,26,Saturday,11:21:29,fjhwkdbrjhwkfnkskw,æ˜æ—¥å¤§æ„š,4,fjhwkdbrjhwkfnkskw: æ˜æ—¥å¤§æ„š
è‹±åœ‹æˆ°ç·š å…¬æµ· 2.0 ğŸ‡¬ğŸ‡§ By Britons in Hong Kong/UK,2024,October,26,Saturday,6:19:42,,ä»Šæ—¥ï¼ï¼ï¼,5,nan: ä»Šæ—¥ï¼ï¼ï¼
è‹±åœ‹æˆ°ç·š å…¬æµ· 2.0 ğŸ‡¬ğŸ‡§ By Britons in Hong Kong/UK,2024,October,26,Saturday,6:19:18,,å·¥é»¨ä¿‚å’,4,nan: å·¥é»¨ä¿‚å’
è‹±åœ‹æˆ°ç·š å…¬æµ· 2.0 ğŸ‡¬ğŸ‡§ By Britons in Hong Kong/UK,2024,October,25,Friday,21:34:50,Windanz,7æœˆ,2,Windanz: 7æœˆ
è‹±åœ‹æˆ°ç·š å…¬æµ· 2.0 ğŸ‡¬ğŸ‡§ By Britons in Hong Kong/UK,2024,October,25,Friday,20:48:57,I_Love_Salad,å¹¾æ™‚å½±ï¼Ÿ,4,I_Love_Salad: å¹¾æ™‚å½±ï¼Ÿ
è‹±åœ‹æˆ°ç·š å…¬æµ· 2.0 ğŸ‡¬ğŸ‡§ By Britons in Hong Kong/UK,2024,October,25,Friday,12:40:44,fjhwkdbrjhwkfnkskw,æ®åˆ€è‡ªå®®,4,fjhwkdbrjhwkfnkskw: æ®åˆ€è‡ªå®®
è‹±åœ‹æˆ°ç·š å…¬æµ· 2.0 ğŸ‡¬ğŸ‡§ By Britons in Hong Kong/UK,2024,October,25,Friday,11:46:39,Xijianpin,åŒçŠ¯ç½ªè¨˜éŒ„,5,Xijianpin: åŒçŠ¯ç½ªè¨˜éŒ„
è‹±åœ‹æˆ°ç·š å…¬æµ· 2.0 ğŸ‡¬ğŸ‡§ By Britons in Hong Kong/UK,2024,October,24,Thursday,20:16:21,Windanz,ä¿‚ç‰™,2,Windanz: ä¿‚ç‰™
è‹±åœ‹æˆ°ç·š å…¬æµ· 2.0 ğŸ‡¬ğŸ‡§ By Britons in Hong Kong/UK,2024,October,24,Thursday,19:53:38,fjhwkdbrjhwkfnkskw,å…ƒç´ è¡¨,3,fjhwkdbrjhwkfnkskw: å…ƒç´ è¡¨
è‹±åœ‹æˆ°ç·š å…¬æµ· 2.0 ğŸ‡¬ğŸ‡§ By Britons in Hong Kong/UK,2024,October,24,Thursday,19:53:01,AlpacaAlpaca,ä½ è®€ç·Šå’©?,5,AlpacaAlpaca: ä½ è®€ç·Šå’©?
è‹±åœ‹æˆ°ç·š å…¬æµ· 2.0 ğŸ‡¬ğŸ‡§ By Britons in Hong Kong/UK,2024,October,24,Thursday,19:40:54,siufullmoon,ä½ éƒ½æœ‰é“ç†,5,siufullmoon: ä½ éƒ½æœ‰é“ç†
è‹±åœ‹æˆ°ç·š å…¬æµ· 2.0 ğŸ‡¬ğŸ‡§ By Britons in Hong Kong/UK,2024,October,24,Thursday,18:03:43,Windanz,ä»¥å‰èµ¤æŸ±,4,Windanz: ä»¥å‰èµ¤æŸ±
è‹±åœ‹æˆ°ç·š å…¬æµ· 2.0 ğŸ‡¬ğŸ‡§ By Britons in Hong Kong/UK,2024,October,24,Thursday,18:03:22,Windanz,ä»¥å‰LKF,5,Windanz: ä»¥å‰LKF
è‹±åœ‹æˆ°ç·š å…¬æµ· 2.0 ğŸ‡¬ğŸ‡§ By Britons in Hong Kong/UK,2024,October,24,Thursday,17:17:08,charlesyeungg,agger,5,charlesyeungg: agger
è‹±åœ‹æˆ°ç·š å…¬æµ· 2.0 ğŸ‡¬ğŸ‡§ By Britons in Hong Kong/UK,2024,October,24,Thursday,17:07:21,charlesyeungg,å””æ„å¤–,3,charlesyeungg: å””æ„å¤–
è‹±åœ‹æˆ°ç·š å…¬æµ· 2.0 ğŸ‡¬ğŸ‡§ By Britons in Hong Kong/UK,2024,October,24,Thursday,2:01:26,synnoveescape,ç­‰ç‡å¤§æˆ²,4,synnoveescape: ç­‰ç‡å¤§æˆ²
è‹±åœ‹æˆ°ç·š å…¬æµ· 2.0 ğŸ‡¬ğŸ‡§ By Britons in Hong Kong/UK,2024,October,23,Wednesday,23:26:02,Windanz,ä¸­åœ‹ï¼Ÿ,3,Windanz: ä¸­åœ‹ï¼Ÿ
è‹±åœ‹æˆ°ç·š å…¬æµ· 2.0 ğŸ‡¬ğŸ‡§ By Britons in Hong Kong/UK,2024,October,23,Wednesday,22:38:40,Windanz,å’ªä¿‚å›‰ğŸ™ˆ,4,Windanz: å’ªä¿‚å›‰ğŸ™ˆ
è‹±åœ‹æˆ°ç·š å…¬æµ· 2.0 ğŸ‡¬ğŸ‡§ By Britons in Hong Kong/UK,2024,October,23,Wednesday,22:25:12,Windanz,è³£å””åˆ°å˜¢,4,Windanz: è³£å””åˆ°å˜¢
è‹±åœ‹æˆ°ç·š å…¬æµ· 2.0 ğŸ‡¬ğŸ‡§ By Britons in Hong Kong/UK,2024,October,23,Wednesday,22:17:35,Windanz,Again,5,Windanz: Again
è‹±åœ‹æˆ°ç·š å…¬æµ· 2.0 ğŸ‡¬ğŸ‡§ By Britons in Hong Kong/UK,2024,October,23,Wednesday,22:16:20,Ar_Drew,å’åˆä¿‚,3,Ar_Drew: å’åˆä¿‚
è‹±åœ‹æˆ°ç·š å…¬æµ· 2.0 ğŸ‡¬ğŸ‡§ By Britons in Hong Kong/UK,2024,October,23,Wednesday,20:21:38,Windanz,å¯æ¥,2,Windanz: å¯æ¥
è‹±åœ‹æˆ°ç·š å…¬æµ· 2.0 ğŸ‡¬ğŸ‡§ By Britons in Hong Kong/UK,2024,October,23,Wednesday,20:16:37,synnoveescape,+1,2,synnoveescape: +1
è‹±åœ‹æˆ°ç·š å…¬æµ· 2.0 ğŸ‡¬ğŸ‡§ By Britons in Hong Kong/UK,2024,October,23,Wednesday,20:10:21,Windanz,æ³›åˆ°å‘¢,3,Windanz: æ³›åˆ°å‘¢
è‹±åœ‹æˆ°ç·š å…¬æµ· 2.0 ğŸ‡¬ğŸ‡§ By Britons in Hong Kong/UK,2024,October,23,Wednesday,20:09:58,Windanz,ä¿‚ã€‚,2,Windanz: ä¿‚ã€‚
è‹±åœ‹æˆ°ç·š å…¬æµ· 2.0 ğŸ‡¬ğŸ‡§ By Britons in Hong Kong/UK,2024,October,23,Wednesday,19:44:12,Windanz,æè¥²,2,Windanz: æè¥²
è‹±åœ‹æˆ°ç·š å…¬æµ· 2.0 ğŸ‡¬ğŸ‡§ By Britons in Hong Kong/UK,2024,October,23,Wednesday,19:32:00,Xijianpin,å‘¢å€‹å°±ä¸€å®š,5,Xijianpin: å‘¢å€‹å°±ä¸€å®š
è‹±åœ‹æˆ°ç·š å…¬æµ· 2.0 ğŸ‡¬ğŸ‡§ By Britons in Hong Kong/UK,2024,October,23,Wednesday,19:20:01,Windanz,æˆ‘å””å•¦ã€‚,4,Windanz: æˆ‘å””å•¦ã€‚
è‹±åœ‹æˆ°ç·š å…¬æµ· 2.0 ğŸ‡¬ğŸ‡§ By Britons in Hong Kong/UK,2024,October,23,Wednesday,16:56:40,Windanz,æ€•å’—ç‡ã€‚,4,Windanz: æ€•å’—ç‡ã€‚
è‹±åœ‹æˆ°ç·š å…¬æµ· 2.0 ğŸ‡¬ğŸ‡§ By Britons in Hong Kong/UK,2024,October,23,Wednesday,12:44:55,fjhwkdbrjhwkfnkskw,å””æœƒè§£æ±º,4,fjhwkdbrjhwkfnkskw: å””æœƒè§£æ±º
è‹±åœ‹æˆ°ç·š å…¬æµ· 2.0 ğŸ‡¬ğŸ‡§ By Britons in Hong Kong/UK,2024,October,22,Tuesday,23:04:31,synnoveescape,æœ‰å’©å•é¡Œï¼Ÿ,5,synnoveescape: æœ‰å’©å•é¡Œï¼Ÿ
è‹±åœ‹æˆ°ç·š å…¬æµ· 2.0 ğŸ‡¬ğŸ‡§ By Britons in Hong Kong/UK,2024,October,22,Tuesday,13:06:31,,å‹éƒ½å†‡æœ‹å‹,5,nan: å‹éƒ½å†‡æœ‹å‹
è‹±åœ‹æˆ°ç·š å…¬æµ· 2.0 ğŸ‡¬ğŸ‡§ By Britons in Hong Kong/UK,2024,October,22,Tuesday,11:04:23,Xijianpin,è€Œéå¤–è—‰,4,Xijianpin: è€Œéå¤–è—‰
è‹±åœ‹æˆ°ç·š å…¬æµ· 2.0 ğŸ‡¬ğŸ‡§ By Britons in Hong Kong/UK,2024,October,22,Tuesday,10:48:13,,åŒæ„,2,nan: åŒæ„
è‹±åœ‹æˆ°ç·š å…¬æµ· 2.0 ğŸ‡¬ğŸ‡§ By Britons in Hong Kong/UK,2024,October,21,Monday,22:36:02,Windanz,å¥½å¤šéŒ¢éŒ¢éŒ¢,5,Windanz: å¥½å¤šéŒ¢éŒ¢éŒ¢
è‹±åœ‹æˆ°ç·š å…¬æµ· 2.0 ğŸ‡¬ğŸ‡§ By Britons in Hong Kong/UK,2024,October,21,Monday,21:53:50,synnoveescape,å–æ¶ˆé‚Šå€‹,4,synnoveescape: å–æ¶ˆé‚Šå€‹
è‹±åœ‹æˆ°ç·š å…¬æµ· 2.0 ğŸ‡¬ğŸ‡§ By Britons in Hong Kong/UK,2024,October,21,Monday,21:53:44,Windanz,å’ä¿‚å±éšªæ¶,5,Windanz: å’ä¿‚å±éšªæ¶
è‹±åœ‹æˆ°ç·š å…¬æµ· 2.0 ğŸ‡¬ğŸ‡§ By Britons in Hong Kong/UK,2024,October,21,Monday,19:09:08,Windanz,ğŸ˜‚åˆ©å®³,3,Windanz: ğŸ˜‚åˆ©å®³
è‹±åœ‹æˆ°ç·š å…¬æµ· 2.0 ğŸ‡¬ğŸ‡§ By Britons in Hong Kong/UK,2024,October,21,Monday,18:16:03,,å¾—,1,nan: å¾—
è‹±åœ‹æˆ°ç·š å…¬æµ· 2.0 ğŸ‡¬ğŸ‡§ By Britons in Hong Kong/UK,2024,October,21,Monday,18:15:49,,å®Œå…¨ä¿‚å‹’ç´¢,5,nan: å®Œå…¨ä¿‚å‹’ç´¢
è‹±åœ‹æˆ°ç·š å…¬æµ· 2.0 ğŸ‡¬ğŸ‡§ By Britons in Hong Kong/UK,2024,October,21,Monday,18:15:27,,è©±å¹«ä¸‹å’‹å˜›,5,nan: è©±å¹«ä¸‹å’‹å˜›
è‹±åœ‹æˆ°ç·š å…¬æµ· 2.0 ğŸ‡¬ğŸ‡§ By Britons in Hong Kong/UK,2024,October,21,Monday,18:12:56,,å…¥ç±å””æ€¥å˜…,5,nan: å…¥ç±å””æ€¥å˜…
è‹±åœ‹æˆ°ç·š å…¬æµ· 2.0 ğŸ‡¬ğŸ‡§ By Britons in Hong Kong/UK,2024,October,21,Monday,17:02:55,Windanz,Waâ¤ï¸,4,Windanz: Waâ¤ï¸
è‹±åœ‹æˆ°ç·š å…¬æµ· 2.0 ğŸ‡¬ğŸ‡§ By Britons in Hong Kong/UK,2024,October,21,Monday,16:57:41,Windanz,å¥½æ²»ç™’,3,Windanz: å¥½æ²»ç™’
è‹±åœ‹æˆ°ç·š å…¬æµ· 2.0 ğŸ‡¬ğŸ‡§ By Britons in Hong Kong/UK,2024,October,21,Monday,16:07:43,Windanz,çœŸä¿‚å””å¤šè¦‹,5,Windanz: çœŸä¿‚å””å¤šè¦‹
è‹±åœ‹æˆ°ç·š å…¬æµ· 2.0 ğŸ‡¬ğŸ‡§ By Britons in Hong Kong/UK,2024,October,21,Monday,15:40:48,Windanz,æ·±ç§‹,2,Windanz: æ·±ç§‹
è‹±åœ‹æˆ°ç·š å…¬æµ· 2.0 ğŸ‡¬ğŸ‡§ By Britons in Hong Kong/UK,2024,October,21,Monday,12:40:51,C9mother,ç§‹å¤©äº†,3,C9mother: ç§‹å¤©äº†
è‹±åœ‹æˆ°ç·š å…¬æµ· 2.0 ğŸ‡¬ğŸ‡§ By Britons in Hong Kong/UK,2024,October,21,Monday,11:34:13,Xijianpin,æˆ‘ç™²ç‹—åšŸ,4,Xijianpin: æˆ‘ç™²ç‹—åšŸ
è‹±åœ‹æˆ°ç·š å…¬æµ· 2.0 ğŸ‡¬ğŸ‡§ By Britons in Hong Kong/UK,2024,October,20,Sunday,23:27:45,,å‹å‘€ ä¸»å¸­,5,nan: å‹å‘€ ä¸»å¸­
è‹±åœ‹æˆ°ç·š å…¬æµ· 2.0 ğŸ‡¬ğŸ‡§ By Britons in Hong Kong/UK,2024,October,20,Sunday,17:54:33,oooopekdm,æ„Ÿè¬,2,oooopekdm: æ„Ÿè¬
è‹±åœ‹æˆ°ç·š å…¬æµ· 2.0 ğŸ‡¬ğŸ‡§ By Britons in Hong Kong/UK,2024,October,20,Sunday,17:33:11,oooopekdm,å¤§å®¶å¥½,3,oooopekdm: å¤§å®¶å¥½
è‹±åœ‹æˆ°ç·š å…¬æµ· 2.0 ğŸ‡¬ğŸ‡§ By Britons in Hong Kong/UK,2024,October,20,Sunday,17:30:40,Windanz,æˆ‘è«—å””ä¿‚,4,Windanz: æˆ‘è«—å””ä¿‚
è‹±åœ‹æˆ°ç·š å…¬æµ· 2.0 ğŸ‡¬ğŸ‡§ By Britons in Hong Kong/UK,2024,October,19,Saturday,23:59:15,Windanz,ä»²æœ‰äº¤ç¨…,4,Windanz: ä»²æœ‰äº¤ç¨…
è‹±åœ‹æˆ°ç·š å…¬æµ· 2.0 ğŸ‡¬ğŸ‡§ By Britons in Hong Kong/UK,2024,October,19,Saturday,23:58:09,Windanz,ç¤¾æœƒè²¬ä»»,4,Windanz: ç¤¾æœƒè²¬ä»»
è‹±åœ‹æˆ°ç·š å…¬æµ· 2.0 ğŸ‡¬ğŸ‡§ By Britons in Hong Kong/UK,2024,October,19,Saturday,23:54:53,Ar_Drew,ä¿‚å‘€ğŸ˜¢ğŸ˜¢,4,Ar_Drew: ä¿‚å‘€ğŸ˜¢ğŸ˜¢
è‹±åœ‹æˆ°ç·š å…¬æµ· 2.0 ğŸ‡¬ğŸ‡§ By Britons in Hong Kong/UK,2024,October,19,Saturday,23:54:27,Windanz,æ·’æ¶¼,2,Windanz: æ·’æ¶¼
è‹±åœ‹æˆ°ç·š å…¬æµ· 2.0 ğŸ‡¬ğŸ‡§ By Britons in Hong Kong/UK,2024,October,19,Saturday,20:31:17,Windanz,å¥½é›£å½±ğŸ˜¢,4,Windanz: å¥½é›£å½±ğŸ˜¢
è‹±åœ‹æˆ°ç·š å…¬æµ· 2.0 ğŸ‡¬ğŸ‡§ By Britons in Hong Kong/UK,2024,October,19,Saturday,20:09:13,GeraldG0,ä¿‚å–ï¼ğŸ™ˆ,4,GeraldG0: ä¿‚å–ï¼ğŸ™ˆ
è‹±åœ‹æˆ°ç·š å…¬æµ· 2.0 ğŸ‡¬ğŸ‡§ By Britons in Hong Kong/UK,2024,October,19,Saturday,18:06:06,Windanz,/warn,5,Windanz: /warn
è‹±åœ‹æˆ°ç·š å…¬æµ· 2.0 ğŸ‡¬ğŸ‡§ By Britons in Hong Kong/UK,2024,October,19,Saturday,14:01:43,synnoveescape,warn,4,synnoveescape: warn
è‹±åœ‹æˆ°ç·š å…¬æµ· 2.0 ğŸ‡¬ğŸ‡§ By Britons in Hong Kong/UK,2024,October,19,Saturday,10:25:29,Windanz,è­¦çˆ†ï¼Ÿ,3,Windanz: è­¦çˆ†ï¼Ÿ
è‹±åœ‹æˆ°ç·š å…¬æµ· 2.0 ğŸ‡¬ğŸ‡§ By Britons in Hong Kong/UK,2024,October,19,Saturday,4:51:08,synnoveescape,ä½¢å“‹9å•«,4,synnoveescape: ä½¢å“‹9å•«
è‹±åœ‹æˆ°ç·š å…¬æµ· 2.0 ğŸ‡¬ğŸ‡§ By Britons in Hong Kong/UK,2024,October,18,Friday,20:10:20,I_go_to_school_by_bus1,å°ç£äººåšŸ,4,I_go_to_school_by_bus1: å°ç£äººåšŸ
è‹±åœ‹æˆ°ç·š å…¬æµ· 2.0 ğŸ‡¬ğŸ‡§ By Britons in Hong Kong/UK,2024,October,18,Friday,20:08:03,Windanz,æ®˜é«”ğŸ˜¢,3,Windanz: æ®˜é«”ğŸ˜¢
è‹±åœ‹æˆ°ç·š å…¬æµ· 2.0 ğŸ‡¬ğŸ‡§ By Britons in Hong Kong/UK,2024,October,18,Friday,20:06:44,GeraldG0,æ”¹è¿”å…ˆğŸ™ˆ,4,GeraldG0: æ”¹è¿”å…ˆğŸ™ˆ
è‹±åœ‹æˆ°ç·š å…¬æµ· 2.0 ğŸ‡¬ğŸ‡§ By Britons in Hong Kong/UK,2024,October,18,Friday,17:07:12,fjhwkdbrjhwkfnkskw,è®“é ˜å°å…ˆèµ°,5,fjhwkdbrjhwkfnkskw: è®“é ˜å°å…ˆèµ°
è‹±åœ‹æˆ°ç·š å…¬æµ· 2.0 ğŸ‡¬ğŸ‡§ By Britons in Hong Kong/UK,2024,October,18,Friday,15:08:02,cl2025x,ç‚ºå·¦éŒ¢,3,cl2025x: ç‚ºå·¦éŒ¢
è‹±åœ‹æˆ°ç·š å…¬æµ· 2.0 ğŸ‡¬ğŸ‡§ By Britons in Hong Kong/UK,2024,October,17,Thursday,20:25:01,Windanz,æœªåº§ç©©,3,Windanz: æœªåº§ç©©
è‹±åœ‹æˆ°ç·š å…¬æµ· 2.0 ğŸ‡¬ğŸ‡§ By Britons in Hong Kong/UK,2024,October,17,Thursday,20:23:19,Windanz,å¸Œæœ›æˆäº‹,4,Windanz: å¸Œæœ›æˆäº‹
è‹±åœ‹æˆ°ç·š å…¬æµ· 2.0 ğŸ‡¬ğŸ‡§ By Britons in Hong Kong/UK,2024,October,17,Thursday,19:38:24,fjhwkdbrjhwkfnkskw,æ¸¸æ°´å¥å°‡,4,fjhwkdbrjhwkfnkskw: æ¸¸æ°´å¥å°‡
è‹±åœ‹æˆ°ç·š å…¬æµ· 2.0 ğŸ‡¬ğŸ‡§ By Britons in Hong Kong/UK,2024,October,17,Thursday,17:55:08,Windanz,è¬›å’—å¥½è€ä¸‹,5,Windanz: è¬›å’—å¥½è€ä¸‹
è‹±åœ‹æˆ°ç·š å…¬æµ· 2.0 ğŸ‡¬ğŸ‡§ By Britons in Hong Kong/UK,2024,October,17,Thursday,17:54:17,vBondScot,ç‚’å†·é£¯,3,vBondScot: ç‚’å†·é£¯
è‹±åœ‹æˆ°ç·š å…¬æµ· 2.0 ğŸ‡¬ğŸ‡§ By Britons in Hong Kong/UK,2024,October,17,Thursday,17:10:15,Windanz,ä½æ²»å…­ä¸–,4,Windanz: ä½æ²»å…­ä¸–
è‹±åœ‹æˆ°ç·š å…¬æµ· 2.0 ğŸ‡¬ğŸ‡§ By Britons in Hong Kong/UK,2024,October,17,Thursday,16:49:22,Windanz,é·åšŸåšä¹œğŸ˜‚,5,Windanz: é·åšŸåšä¹œğŸ˜‚
è‹±åœ‹æˆ°ç·š å…¬æµ· 2.0 ğŸ‡¬ğŸ‡§ By Britons in Hong Kong/UK,2024,October,17,Thursday,15:39:00,Windanz,æœ›å¯¦ä½¢ğŸ‘,4,Windanz: æœ›å¯¦ä½¢ğŸ‘
è‹±åœ‹æˆ°ç·š å…¬æµ· 2.0 ğŸ‡¬ğŸ‡§ By Britons in Hong Kong/UK,2024,October,17,Thursday,15:38:35,Windanz,ä½¢ä¸»èª¿è¬›ä¹œ,5,Windanz: ä½¢ä¸»èª¿è¬›ä¹œ
è‹±åœ‹æˆ°ç·š å…¬æµ· 2.0 ğŸ‡¬ğŸ‡§ By Britons in Hong Kong/UK,2024,October,16,Wednesday,15:43:55,,é»è§£å’è¬›ï¼Ÿ,5,nan: é»è§£å’è¬›ï¼Ÿ
è‹±åœ‹æˆ°ç·š å…¬æµ· 2.0 ğŸ‡¬ğŸ‡§ By Britons in Hong Kong/UK,2024,October,16,Wednesday,13:02:27,Xijianpin,å…¬ç„¶è¬›å¤§è©±,5,Xijianpin: å…¬ç„¶è¬›å¤§è©±
è‹±åœ‹æˆ°ç·š å…¬æµ· 2.0 ğŸ‡¬ğŸ‡§ By Britons in Hong Kong/UK,2024,October,16,Wednesday,13:02:17,Xijianpin,æ­£ğŸ˜‚ğŸ˜‚ğŸ˜‚ğŸ˜‚,5,Xijianpin: æ­£ğŸ˜‚ğŸ˜‚ğŸ˜‚ğŸ˜‚
è‹±åœ‹æˆ°ç·š å…¬æµ· 2.0 ğŸ‡¬ğŸ‡§ By Britons in Hong Kong/UK,2024,October,16,Wednesday,12:50:52,Xijianpin,æˆ‘çŸ¥ç©åˆ°,4,Xijianpin: æˆ‘çŸ¥ç©åˆ°
è‹±åœ‹æˆ°ç·š å…¬æµ· 2.0 ğŸ‡¬ğŸ‡§ By Britons in Hong Kong/UK,2024,October,16,Wednesday,8:57:17,,å¯èƒ½ä½¢è¬›éŒ¯,5,nan: å¯èƒ½ä½¢è¬›éŒ¯
è‹±åœ‹æˆ°ç·š å…¬æµ· 2.0 ğŸ‡¬ğŸ‡§ By Britons in Hong Kong/UK,2024,October,16,Wednesday,2:16:00,synnoveescape,æ–·æ°£å•¦,3,synnoveescape: æ–·æ°£å•¦
è‹±åœ‹æˆ°ç·š å…¬æµ· 2.0 ğŸ‡¬ğŸ‡§ By Britons in Hong Kong/UK,2024,October,16,Wednesday,2:15:07,synnoveescape,å•²æ–™å¤šåˆ°å‘¢,5,synnoveescape: å•²æ–™å¤šåˆ°å‘¢
è‹±åœ‹æˆ°ç·š å…¬æµ· 2.0 ğŸ‡¬ğŸ‡§ By Britons in Hong Kong/UK,2024,October,15,Tuesday,23:56:33,Windanz,å¹¸ç¦åˆ°å‘¢,4,Windanz: å¹¸ç¦åˆ°å‘¢
è‹±åœ‹æˆ°ç·š å…¬æµ· 2.0 ğŸ‡¬ğŸ‡§ By Britons in Hong Kong/UK,2024,October,15,Tuesday,23:55:46,Windanz,æ¯”è²“ï¼ŸğŸ¤¤,4,Windanz: æ¯”è²“ï¼ŸğŸ¤¤
è‹±åœ‹æˆ°ç·š å…¬æµ· 2.0 ğŸ‡¬ğŸ‡§ By Britons in Hong Kong/UK,2024,October,15,Tuesday,23:54:44,Windanz,å’©è§’åº¦åšŸ,4,Windanz: å’©è§’åº¦åšŸ
è‹±åœ‹æˆ°ç·š å…¬æµ· 2.0 ğŸ‡¬ğŸ‡§ By Britons in Hong Kong/UK,2024,October,15,Tuesday,23:38:08,Uncleblackcatbbch,æˆ‘è¦ºå¾—å¥½å¥½,5,Uncleblackcatbbch: æˆ‘è¦ºå¾—å¥½å¥½
è‹±åœ‹æˆ°ç·š å…¬æµ· 2.0 ğŸ‡¬ğŸ‡§ By Britons in Hong Kong/UK,2024,October,15,Tuesday,22:44:08,GetALifeLa,Why?,4,GetALifeLa: Why?
è‹±åœ‹æˆ°ç·š å…¬æµ· 2.0 ğŸ‡¬ğŸ‡§ By Britons in Hong Kong/UK,2024,October,15,Tuesday,21:52:35,synnoveescape,å¥½,1,synnoveescape: å¥½
è‹±åœ‹æˆ°ç·š å…¬æµ· 2.0 ğŸ‡¬ğŸ‡§ By Britons in Hong Kong/UK,2024,October,15,Tuesday,21:48:03,synnoveescape,æˆ‘ï¼Ÿ,2,synnoveescape: æˆ‘ï¼Ÿ
è‹±åœ‹æˆ°ç·š å…¬æµ· 2.0 ğŸ‡¬ğŸ‡§ By Britons in Hong Kong/UK,2024,October,15,Tuesday,20:35:52,Uncleblackcatbbch,å””ä¼¼è‹±åœ‹,4,Uncleblackcatbbch: å””ä¼¼è‹±åœ‹
è‹±åœ‹æˆ°ç·š å…¬æµ· 2.0 ğŸ‡¬ğŸ‡§ By Britons in Hong Kong/UK,2024,October,15,Tuesday,20:34:34,Windanz,ClsğŸ˜±,4,Windanz: ClsğŸ˜±
è‹±åœ‹æˆ°ç·š å…¬æµ· 2.0 ğŸ‡¬ğŸ‡§ By Britons in Hong Kong/UK,2024,October,15,Tuesday,19:19:46,GeraldG0,å¾·åœ‹è²¨ğŸ‘,4,GeraldG0: å¾·åœ‹è²¨ğŸ‘
è‹±åœ‹æˆ°ç·š å…¬æµ· 2.0 ğŸ‡¬ğŸ‡§ By Britons in Hong Kong/UK,2024,October,15,Tuesday,17:04:49,I_Love_Salad,å¹¾éŒ¢ï¼Ÿ,3,I_Love_Salad: å¹¾éŒ¢ï¼Ÿ
è‹±åœ‹æˆ°ç·š å…¬æµ· 2.0 ğŸ‡¬ğŸ‡§ By Britons in Hong Kong/UK,2024,October,15,Tuesday,16:50:30,Windanz,ä»†è¡—åšŸ,3,Windanz: ä»†è¡—åšŸ
è‹±åœ‹æˆ°ç·š å…¬æµ· 2.0 ğŸ‡¬ğŸ‡§ By Britons in Hong Kong/UK,2024,October,15,Tuesday,15:51:35,Windanz,è‡ªæ+1,4,Windanz: è‡ªæ+1
è‹±åœ‹æˆ°ç·š å…¬æµ· 2.0 ğŸ‡¬ğŸ‡§ By Britons in Hong Kong/UK,2024,October,15,Tuesday,15:51:27,Windanz,å‹,1,Windanz: å‹
è‹±åœ‹æˆ°ç·š å…¬æµ· 2.0 ğŸ‡¬ğŸ‡§ By Britons in Hong Kong/UK,2024,October,15,Tuesday,15:32:13,,ğŸ˜‚æ…¢æ…¢å­¸,4,nan: ğŸ˜‚æ…¢æ…¢å­¸
è‹±åœ‹æˆ°ç·š å…¬æµ· 2.0 ğŸ‡¬ğŸ‡§ By Britons in Hong Kong/UK,2024,October,15,Tuesday,15:30:03,oooopekdm,å¥½å§ğŸ˜‘,3,oooopekdm: å¥½å§ğŸ˜‘
è‹±åœ‹æˆ°ç·š å…¬æµ· 2.0 ğŸ‡¬ğŸ‡§ By Britons in Hong Kong/UK,2024,October,15,Tuesday,15:26:28,oooopekdm,å“¥å“¥ğŸ¥²,3,oooopekdm: å“¥å“¥ğŸ¥²
è‹±åœ‹æˆ°ç·š å…¬æµ· 2.0 ğŸ‡¬ğŸ‡§ By Britons in Hong Kong/UK,2024,October,15,Tuesday,15:26:22,oooopekdm,ç‚ºå•¥å«æˆ‘å§,5,oooopekdm: ç‚ºå•¥å«æˆ‘å§
è‹±åœ‹æˆ°ç·š å…¬æµ· 2.0 ğŸ‡¬ğŸ‡§ By Britons in Hong Kong/UK,2024,October,15,Tuesday,14:39:26,Windanz,ä¼¼æ¨¡ä¼¼æ¨£,4,Windanz: ä¼¼æ¨¡ä¼¼æ¨£
è‹±åœ‹æˆ°ç·š å…¬æµ· 2.0 ğŸ‡¬ğŸ‡§ By Britons in Hong Kong/UK,2024,October,15,Tuesday,14:18:16,,ä½¢è‡ªå·±æ”åšŸ,5,nan: ä½¢è‡ªå·±æ”åšŸ
è‹±åœ‹æˆ°ç·š å…¬æµ· 2.0 ğŸ‡¬ğŸ‡§ By Britons in Hong Kong/UK,2024,October,15,Tuesday,12:48:28,,æ„æ€ä¿‚å’©ï¼Ÿ,5,nan: æ„æ€ä¿‚å’©ï¼Ÿ
è‹±åœ‹æˆ°ç·š å…¬æµ· 2.0 ğŸ‡¬ğŸ‡§ By Britons in Hong Kong/UK,2024,October,15,Tuesday,10:29:43,Windanz,çœŸæ¸¯èï¼Ÿ,4,Windanz: çœŸæ¸¯èï¼Ÿ
è‹±åœ‹æˆ°ç·š å…¬æµ· 2.0 ğŸ‡¬ğŸ‡§ By Britons in Hong Kong/UK,2024,October,15,Tuesday,8:48:16,oooopekdm,çœŸçˆ½,2,oooopekdm: çœŸçˆ½
è‹±åœ‹æˆ°ç·š å…¬æµ· 2.0 ğŸ‡¬ğŸ‡§ By Britons in Hong Kong/UK,2024,October,14,Monday,23:12:34,Windanz,ä¿‚ä¸«â¤ï¸ã€‚,5,Windanz: ä¿‚ä¸«â¤ï¸ã€‚
è‹±åœ‹æˆ°ç·š å…¬æµ· 2.0 ğŸ‡¬ğŸ‡§ By Britons in Hong Kong/UK,2024,October,14,Monday,19:00:14,Windanz,å½±éŸ¿æˆ‘æ›,4,Windanz: å½±éŸ¿æˆ‘æ›
è‹±åœ‹æˆ°ç·š å…¬æµ· 2.0 ğŸ‡¬ğŸ‡§ By Britons in Hong Kong/UK,2024,October,14,Monday,18:59:52,Chris_UK2023,å“å”· ğŸ¥¹,4,Chris_UK2023: å“å”· ğŸ¥¹
è‹±åœ‹æˆ°ç·š å…¬æµ· 2.0 ğŸ‡¬ğŸ‡§ By Britons in Hong Kong/UK,2024,October,14,Monday,18:37:37,Windanz,ä¸Šç¶±ä¸Šç·š,4,Windanz: ä¸Šç¶±ä¸Šç·š
è‹±åœ‹æˆ°ç·š å…¬æµ· 2.0 ğŸ‡¬ğŸ‡§ By Britons in Hong Kong/UK,2024,October,14,Monday,18:37:00,GeraldG0,RIP ğŸ˜­,5,GeraldG0: RIP ğŸ˜­
è‹±åœ‹æˆ°ç·š å…¬æµ· 2.0 ğŸ‡¬ğŸ‡§ By Britons in Hong Kong/UK,2024,October,14,Monday,18:35:31,Windanz,/warn,5,Windanz: /warn
è‹±åœ‹æˆ°ç·š å…¬æµ· 2.0 ğŸ‡¬ğŸ‡§ By Britons in Hong Kong/UK,2024,October,14,Monday,18:33:58,fjhwkdbrjhwkfnkskw,æœ‰å’æ—¢å¯èƒ½,5,fjhwkdbrjhwkfnkskw: æœ‰å’æ—¢å¯èƒ½
è‹±åœ‹æˆ°ç·š å…¬æµ· 2.0 ğŸ‡¬ğŸ‡§ By Britons in Hong Kong/UK,2024,October,14,Monday,17:32:02,GeraldG0,æœ‰å’©æ¨ä»‹ï¼Ÿ,5,GeraldG0: æœ‰å’©æ¨ä»‹ï¼Ÿ
è‹±åœ‹æˆ°ç·š å…¬æµ· 2.0 ğŸ‡¬ğŸ‡§ By Britons in Hong Kong/UK,2024,October,14,Monday,17:22:16,,é è‡ªå·±,3,nan: é è‡ªå·±
è‹±åœ‹æˆ°ç·š å…¬æµ· 2.0 ğŸ‡¬ğŸ‡§ By Britons in Hong Kong/UK,2024,October,14,Monday,14:09:28,CSR1931,å””ç­”,2,CSR1931: å””ç­”
è‹±åœ‹æˆ°ç·š å…¬æµ· 2.0 ğŸ‡¬ğŸ‡§ By Britons in Hong Kong/UK,2024,October,14,Monday,14:08:48,CSR1931,ä½¢æ¯”å””åˆ°,4,CSR1931: ä½¢æ¯”å””åˆ°
è‹±åœ‹æˆ°ç·š å…¬æµ· 2.0 ğŸ‡¬ğŸ‡§ By Britons in Hong Kong/UK,2024,October,14,Monday,13:58:21,CSR1931,æˆ‘å°‘å·¦,3,CSR1931: æˆ‘å°‘å·¦
è‹±åœ‹æˆ°ç·š å…¬æµ· 2.0 ğŸ‡¬ğŸ‡§ By Britons in Hong Kong/UK,2024,October,14,Monday,13:58:18,CSR1931,æˆ‘æ”¶å·¦,3,CSR1931: æˆ‘æ”¶å·¦
è‹±åœ‹æˆ°ç·š å…¬æµ· 2.0 ğŸ‡¬ğŸ‡§ By Britons in Hong Kong/UK,2024,October,14,Monday,13:34:34,CSR1931,åƒåœ¾å…¬å¸é»,5,CSR1931: åƒåœ¾å…¬å¸é»
è‹±åœ‹æˆ°ç·š å…¬æµ· 2.0 ğŸ‡¬ğŸ‡§ By Britons in Hong Kong/UK,2024,October,14,Monday,11:30:31,Xijianpin,å¾ˆæœ‰è¶£,3,Xijianpin: å¾ˆæœ‰è¶£
è‹±åœ‹æˆ°ç·š å…¬æµ· 2.0 ğŸ‡¬ğŸ‡§ By Britons in Hong Kong/UK,2024,October,13,Sunday,23:04:50,,å¹æ§å¥¶å…±L,5,nan: å¹æ§å¥¶å…±L
è‹±åœ‹æˆ°ç·š å…¬æµ· 2.0 ğŸ‡¬ğŸ‡§ By Britons in Hong Kong/UK,2024,October,13,Sunday,20:48:06,,å¥½å°‘è½é,4,nan: å¥½å°‘è½é
è‹±åœ‹æˆ°ç·š å…¬æµ· 2.0 ğŸ‡¬ğŸ‡§ By Britons in Hong Kong/UK,2024,October,13,Sunday,20:20:27,GeraldG0,éºå¿˜äº†ğŸ™ˆ,4,GeraldG0: éºå¿˜äº†ğŸ™ˆ
è‹±åœ‹æˆ°ç·š å…¬æµ· 2.0 ğŸ‡¬ğŸ‡§ By Britons in Hong Kong/UK,2024,October,13,Sunday,19:19:04,Uncleblackcatbbch,ç•¶æ™‚å†·æˆ°å®Œ,5,Uncleblackcatbbch: ç•¶æ™‚å†·æˆ°å®Œ
è‹±åœ‹æˆ°ç·š å…¬æµ· 2.0 ğŸ‡¬ğŸ‡§ By Britons in Hong Kong/UK,2024,October,13,Sunday,19:14:20,buddy4ever22,å ±ä»‡å›‰ã€‚ğŸ˜‘,5,buddy4ever22: å ±ä»‡å›‰ã€‚ğŸ˜‘
è‹±åœ‹æˆ°ç·š å…¬æµ· 2.0 ğŸ‡¬ğŸ‡§ By Britons in Hong Kong/UK,2024,October,13,Sunday,18:37:51,Windanz,ä¸æ„å¤–,3,Windanz: ä¸æ„å¤–
è‹±åœ‹æˆ°ç·š å…¬æµ· 2.0 ğŸ‡¬ğŸ‡§ By Britons in Hong Kong/UK,2024,October,13,Sunday,17:58:44,Windanz,é»è§£å»ç‚¸ï¼Ÿ,5,Windanz: é»è§£å»ç‚¸ï¼Ÿ
è‹±åœ‹æˆ°ç·š å…¬æµ· 2.0 ğŸ‡¬ğŸ‡§ By Britons in Hong Kong/UK,2024,October,13,Sunday,17:06:41,synnoveescape,ç„¡éŒ¯,2,synnoveescape: ç„¡éŒ¯
è‹±åœ‹æˆ°ç·š å…¬æµ· 2.0 ğŸ‡¬ğŸ‡§ By Britons in Hong Kong/UK,2024,October,13,Sunday,16:50:52,Windanz,çµ‚æ–¼æˆåŠŸğŸ˜±,5,Windanz: çµ‚æ–¼æˆåŠŸğŸ˜±
è‹±åœ‹æˆ°ç·š å…¬æµ· 2.0 ğŸ‡¬ğŸ‡§ By Britons in Hong Kong/UK,2024,October,13,Sunday,16:02:41,captaincatho,å””ä¿‚ç¬¬ä¸€æ¬¡,5,captaincatho: å””ä¿‚ç¬¬ä¸€æ¬¡
è‹±åœ‹æˆ°ç·š å…¬æµ· 2.0 ğŸ‡¬ğŸ‡§ By Britons in Hong Kong/UK,2024,October,13,Sunday,14:16:56,,æˆ‘éƒ½æƒ³å•,4,nan: æˆ‘éƒ½æƒ³å•
è‹±åœ‹æˆ°ç·š å…¬æµ· 2.0 ğŸ‡¬ğŸ‡§ By Britons in Hong Kong/UK,2024,October,13,Sunday,9:33:27,captaincatho,ç„¡è¨ˆ,2,captaincatho: ç„¡è¨ˆ
è‹±åœ‹æˆ°ç·š å…¬æµ· 2.0 ğŸ‡¬ğŸ‡§ By Britons in Hong Kong/UK,2024,October,13,Sunday,5:37:59,captaincatho,äº‹å¯¦ä¿‚å’,4,captaincatho: äº‹å¯¦ä¿‚å’
è‹±åœ‹æˆ°ç·š å…¬æµ· 2.0 ğŸ‡¬ğŸ‡§ By Britons in Hong Kong/UK,2024,October,13,Sunday,0:29:30,,å¸Œæœ›ä¿‚å’,4,nan: å¸Œæœ›ä¿‚å’
è‹±åœ‹æˆ°ç·š å…¬æµ· 2.0 ğŸ‡¬ğŸ‡§ By Britons in Hong Kong/UK,2024,October,12,Saturday,23:45:49,,12-17,5,nan: 12-17
è‹±åœ‹æˆ°ç·š å…¬æµ· 2.0 ğŸ‡¬ğŸ‡§ By Britons in Hong Kong/UK,2024,October,12,Saturday,23:43:07,,é ‚,1,nan: é ‚
è‹±åœ‹æˆ°ç·š å…¬æµ· 2.0 ğŸ‡¬ğŸ‡§ By Britons in Hong Kong/UK,2024,October,12,Saturday,23:39:47,,å“‡ğŸ˜§,2,nan: å“‡ğŸ˜§
è‹±åœ‹æˆ°ç·š å…¬æµ· 2.0 ğŸ‡¬ğŸ‡§ By Britons in Hong Kong/UK,2024,October,12,Saturday,23:37:24,cdrils,Yes,3,cdrils: Yes
è‹±åœ‹æˆ°ç·š å…¬æµ· 2.0 ğŸ‡¬ğŸ‡§ By Britons in Hong Kong/UK,2024,October,12,Saturday,23:37:07,,armyï¼Ÿ,5,nan: armyï¼Ÿ
è‹±åœ‹æˆ°ç·š å…¬æµ· 2.0 ğŸ‡¬ğŸ‡§ By Britons in Hong Kong/UK,2024,October,12,Saturday,21:33:40,,å’æœ‰å®šå†‡ï¼Ÿ,5,nan: å’æœ‰å®šå†‡ï¼Ÿ
è‹±åœ‹æˆ°ç·š å…¬æµ· 2.0 ğŸ‡¬ğŸ‡§ By Britons in Hong Kong/UK,2024,October,12,Saturday,15:51:17,Windanz,ğŸ™ˆå¥½å¤šæ³¢æ³¢,5,Windanz: ğŸ™ˆå¥½å¤šæ³¢æ³¢
è‹±åœ‹æˆ°ç·š å…¬æµ· 2.0 ğŸ‡¬ğŸ‡§ By Britons in Hong Kong/UK,2024,October,12,Saturday,15:25:02,synnoveescape,æœ‰å’©å•é¡Œ,4,synnoveescape: æœ‰å’©å•é¡Œ
è‹±åœ‹æˆ°ç·š å…¬æµ· 2.0 ğŸ‡¬ğŸ‡§ By Britons in Hong Kong/UK,2024,October,12,Saturday,12:38:53,,éŒ¯,1,nan: éŒ¯
è‹±åœ‹æˆ°ç·š å…¬æµ· 2.0 ğŸ‡¬ğŸ‡§ By Britons in Hong Kong/UK,2024,October,11,Friday,16:49:18,Fight_Until_Last,æ’é¬¼,2,Fight_Until_Last: æ’é¬¼
è‹±åœ‹æˆ°ç·š å…¬æµ· 2.0 ğŸ‡¬ğŸ‡§ By Britons in Hong Kong/UK,2024,October,11,Friday,16:11:43,Windanz,é›£å¾—å¥½é™½å…‰,5,Windanz: é›£å¾—å¥½é™½å…‰
è‹±åœ‹æˆ°ç·š å…¬æµ· 2.0 ğŸ‡¬ğŸ‡§ By Britons in Hong Kong/UK,2024,October,11,Friday,15:57:03,fjhwkdbrjhwkfnkskw,é›œç¨®,2,fjhwkdbrjhwkfnkskw: é›œç¨®
è‹±åœ‹æˆ°ç·š å…¬æµ· 2.0 ğŸ‡¬ğŸ‡§ By Britons in Hong Kong/UK,2024,October,11,Friday,15:14:13,synnoveescape,å””ä¿‚æ›ï¼Ÿ,4,synnoveescape: å””ä¿‚æ›ï¼Ÿ
è‹±åœ‹æˆ°ç·š å…¬æµ· 2.0 ğŸ‡¬ğŸ‡§ By Britons in Hong Kong/UK,2024,October,11,Friday,8:47:04,Xijianpin,å””é‚£ä¿‚æ›?,5,Xijianpin: å””é‚£ä¿‚æ›?
è‹±åœ‹æˆ°ç·š å…¬æµ· 2.0 ğŸ‡¬ğŸ‡§ By Britons in Hong Kong/UK,2024,October,11,Friday,7:42:34,,å·®å¥½é ,3,nan: å·®å¥½é 
è‹±åœ‹æˆ°ç·š å…¬æµ· 2.0 ğŸ‡¬ğŸ‡§ By Britons in Hong Kong/UK,2024,October,11,Friday,2:22:21,,yes,3,nan: yes
è‹±åœ‹æˆ°ç·š å…¬æµ· 2.0 ğŸ‡¬ğŸ‡§ By Britons in Hong Kong/UK,2024,October,11,Friday,2:05:22,,åˆæ˜¯ä¸­åœ‹äºº,5,nan: åˆæ˜¯ä¸­åœ‹äºº
è‹±åœ‹æˆ°ç·š å…¬æµ· 2.0 ğŸ‡¬ğŸ‡§ By Britons in Hong Kong/UK,2024,October,11,Friday,0:45:47,Fight_Until_Last,ç”¨å‘¢å¼µ,3,Fight_Until_Last: ç”¨å‘¢å¼µ
è‹±åœ‹æˆ°ç·š å…¬æµ· 2.0 ğŸ‡¬ğŸ‡§ By Britons in Hong Kong/UK,2024,October,11,Friday,0:45:03,Fight_Until_Last,å‘¢å¼µé›»è©±å½±,5,Fight_Until_Last: å‘¢å¼µé›»è©±å½±
è‹±åœ‹æˆ°ç·š å…¬æµ· 2.0 ğŸ‡¬ğŸ‡§ By Britons in Hong Kong/UK,2024,October,11,Friday,0:42:07,Windanz,å¯å¦å€Ÿåœ–ç”¨,5,Windanz: å¯å¦å€Ÿåœ–ç”¨
è‹±åœ‹æˆ°ç·š å…¬æµ· 2.0 ğŸ‡¬ğŸ‡§ By Britons in Hong Kong/UK,2024,October,11,Friday,0:40:40,Windanz,å…¨å¹´æœ€é«˜,4,Windanz: å…¨å¹´æœ€é«˜
è‹±åœ‹æˆ°ç·š å…¬æµ· 2.0 ğŸ‡¬ğŸ‡§ By Britons in Hong Kong/UK,2024,October,11,Friday,0:39:33,Windanz,æœ‰é›²äº†,3,Windanz: æœ‰é›²äº†
è‹±åœ‹æˆ°ç·š å…¬æµ· 2.0 ğŸ‡¬ğŸ‡§ By Britons in Hong Kong/UK,2024,October,11,Friday,0:13:53,Chris_UK2023,é¡é ­éƒ½æ¿•æ™’,5,Chris_UK2023: é¡é ­éƒ½æ¿•æ™’
è‹±åœ‹æˆ°ç·š å…¬æµ· 2.0 ğŸ‡¬ğŸ‡§ By Britons in Hong Kong/UK,2024,October,10,Thursday,23:57:17,Windanz,æ§‹åœ–æ­£,3,Windanz: æ§‹åœ–æ­£
è‹±åœ‹æˆ°ç·š å…¬æµ· 2.0 ğŸ‡¬ğŸ‡§ By Britons in Hong Kong/UK,2024,October,10,Thursday,23:55:45,Windanz,å¥½å¤šæ˜Ÿæ˜Ÿ,4,Windanz: å¥½å¤šæ˜Ÿæ˜Ÿ
è‹±åœ‹æˆ°ç·š å…¬æµ· 2.0 ğŸ‡¬ğŸ‡§ By Britons in Hong Kong/UK,2024,October,10,Thursday,23:54:51,Windanz,è€ä½•ç„¡è»Š,4,Windanz: è€ä½•ç„¡è»Š
è‹±åœ‹æˆ°ç·š å…¬æµ· 2.0 ğŸ‡¬ğŸ‡§ By Britons in Hong Kong/UK,2024,October,10,Thursday,23:06:29,Windanz,çƒé›²è“‹é ‚,4,Windanz: çƒé›²è“‹é ‚
è‹±åœ‹æˆ°ç·š å…¬æµ· 2.0 ğŸ‡¬ğŸ‡§ By Britons in Hong Kong/UK,2024,October,10,Thursday,22:32:15,buddy4ever22,å†‡åˆ†åˆ¥ ğŸ˜…,5,buddy4ever22: å†‡åˆ†åˆ¥ ğŸ˜…
è‹±åœ‹æˆ°ç·š å…¬æµ· 2.0 ğŸ‡¬ğŸ‡§ By Britons in Hong Kong/UK,2024,October,10,Thursday,22:21:02,Windanz,å€«æ•¦å‘nw,5,Windanz: å€«æ•¦å‘nw
è‹±åœ‹æˆ°ç·š å…¬æµ· 2.0 ğŸ‡¬ğŸ‡§ By Britons in Hong Kong/UK,2024,October,10,Thursday,22:17:24,Windanz,å‘é‚Šå€‹æ–¹å‘,5,Windanz: å‘é‚Šå€‹æ–¹å‘
è‹±åœ‹æˆ°ç·š å…¬æµ· 2.0 ğŸ‡¬ğŸ‡§ By Britons in Hong Kong/UK,2024,October,10,Thursday,22:05:37,Windanz,ä¿‚æœ‰,2,Windanz: ä¿‚æœ‰
è‹±åœ‹æˆ°ç·š å…¬æµ· 2.0 ğŸ‡¬ğŸ‡§ By Britons in Hong Kong/UK,2024,October,10,Thursday,22:05:23,GeraldG0,çœŸä¿‚ç‡åˆ°ï¼,5,GeraldG0: çœŸä¿‚ç‡åˆ°ï¼
è‹±åœ‹æˆ°ç·š å…¬æµ· 2.0 ğŸ‡¬ğŸ‡§ By Britons in Hong Kong/UK,2024,October,10,Thursday,22:05:19,Windanz,ä¸€å°‘æŠ¹,3,Windanz: ä¸€å°‘æŠ¹
è‹±åœ‹æˆ°ç·š å…¬æµ· 2.0 ğŸ‡¬ğŸ‡§ By Britons in Hong Kong/UK,2024,October,10,Thursday,22:03:10,Windanz,å€«æ•¦æˆ‘å½±ğŸ˜‚,5,Windanz: å€«æ•¦æˆ‘å½±ğŸ˜‚
è‹±åœ‹æˆ°ç·š å…¬æµ· 2.0 ğŸ‡¬ğŸ‡§ By Britons in Hong Kong/UK,2024,October,10,Thursday,21:55:12,Windanz,Mk,2,Windanz: Mk
è‹±åœ‹æˆ°ç·š å…¬æµ· 2.0 ğŸ‡¬ğŸ‡§ By Britons in Hong Kong/UK,2024,October,10,Thursday,21:46:35,Chris_UK2023,å¥½Lå‹å–,4,Chris_UK2023: å¥½Lå‹å–
è‹±åœ‹æˆ°ç·š å…¬æµ· 2.0 ğŸ‡¬ğŸ‡§ By Britons in Hong Kong/UK,2024,October,10,Thursday,21:44:12,Windanz,å¤šå“‚,2,Windanz: å¤šå“‚
è‹±åœ‹æˆ°ç·š å…¬æµ· 2.0 ğŸ‡¬ğŸ‡§ By Britons in Hong Kong/UK,2024,October,10,Thursday,21:39:24,Chris_UK2023,æˆ‘éƒ½å½±åˆ°,4,Chris_UK2023: æˆ‘éƒ½å½±åˆ°
è‹±åœ‹æˆ°ç·š å…¬æµ· 2.0 ğŸ‡¬ğŸ‡§ By Britons in Hong Kong/UK,2024,October,10,Thursday,21:05:45,Windanz,å»ğŸ˜‚,2,Windanz: å»ğŸ˜‚
è‹±åœ‹æˆ°ç·š å…¬æµ· 2.0 ğŸ‡¬ğŸ‡§ By Britons in Hong Kong/UK,2024,October,10,Thursday,19:27:18,,å¿ƒæœ‰æ™‚å¾ˆç—›,5,nan: å¿ƒæœ‰æ™‚å¾ˆç—›
è‹±åœ‹æˆ°ç·š å…¬æµ· 2.0 ğŸ‡¬ğŸ‡§ By Britons in Hong Kong/UK,2024,October,10,Thursday,17:08:43,Windanz,åç­–ä¸‹ğŸ˜‚,4,Windanz: åç­–ä¸‹ğŸ˜‚
è‹±åœ‹æˆ°ç·š å…¬æµ· 2.0 ğŸ‡¬ğŸ‡§ By Britons in Hong Kong/UK,2024,October,10,Thursday,15:18:26,Windanz,å¥½å¯æ„›æ¶,4,Windanz: å¥½å¯æ„›æ¶
è‹±åœ‹æˆ°ç·š å…¬æµ· 2.0 ğŸ‡¬ğŸ‡§ By Britons in Hong Kong/UK,2024,October,10,Thursday,15:17:59,Windanz,æˆ‘å‰›å‰›æœ›ä¸‹,5,Windanz: æˆ‘å‰›å‰›æœ›ä¸‹
è‹±åœ‹æˆ°ç·š å…¬æµ· 2.0 ğŸ‡¬ğŸ‡§ By Britons in Hong Kong/UK,2024,October,10,Thursday,15:10:13,,å””ä¿‚æŠ•è³‡,4,nan: å””ä¿‚æŠ•è³‡
è‹±åœ‹æˆ°ç·š å…¬æµ· 2.0 ğŸ‡¬ğŸ‡§ By Britons in Hong Kong/UK,2024,October,10,Thursday,7:47:45,,åœ‹æ…¶å¿«æ¨‚,4,nan: åœ‹æ…¶å¿«æ¨‚
è‹±åœ‹æˆ°ç·š å…¬æµ· 2.0 ğŸ‡¬ğŸ‡§ By Britons in Hong Kong/UK,2024,October,10,Thursday,1:26:36,,è¦æ±‚æˆ‘èªè¼¸,5,nan: è¦æ±‚æˆ‘èªè¼¸
è‹±åœ‹æˆ°ç·š å…¬æµ· 2.0 ğŸ‡¬ğŸ‡§ By Britons in Hong Kong/UK,2024,October,9,Wednesday,17:39:59,captaincatho,è³ºéŒ¢å°±è©±å§,5,captaincatho: è³ºéŒ¢å°±è©±å§
è‹±åœ‹æˆ°ç·š å…¬æµ· 2.0 ğŸ‡¬ğŸ‡§ By Britons in Hong Kong/UK,2024,October,9,Wednesday,17:18:42,,ä¿¡å¿ƒå•é¡Œ,4,nan: ä¿¡å¿ƒå•é¡Œ
è‹±åœ‹æˆ°ç·š å…¬æµ· 2.0 ğŸ‡¬ğŸ‡§ By Britons in Hong Kong/UK,2024,October,9,Wednesday,16:15:54,,é¦™æ¸¯å°±ä¿‚å›‰,5,nan: é¦™æ¸¯å°±ä¿‚å›‰
è‹±åœ‹æˆ°ç·š å…¬æµ· 2.0 ğŸ‡¬ğŸ‡§ By Britons in Hong Kong/UK,2024,October,9,Wednesday,11:36:22,,ç„¡å†¬å¤©ğŸ˜,4,nan: ç„¡å†¬å¤©ğŸ˜
è‹±åœ‹æˆ°ç·š å…¬æµ· 2.0 ğŸ‡¬ğŸ‡§ By Britons in Hong Kong/UK,2024,October,9,Wednesday,11:23:53,,å¤ªç†±,2,nan: å¤ªç†±
è‹±åœ‹æˆ°ç·š å…¬æµ· 2.0 ğŸ‡¬ğŸ‡§ By Britons in Hong Kong/UK,2024,October,9,Wednesday,7:08:39,EricTheodoreCartmanLovesTrump,WTFï¼Ÿ,4,EricTheodoreCartmanLovesTrump: WTFï¼Ÿ
è‹±åœ‹æˆ°ç·š å…¬æµ· 2.0 ğŸ‡¬ğŸ‡§ By Britons in Hong Kong/UK,2024,October,9,Wednesday,7:00:17,EricTheodoreCartmanLovesTrump,æˆ‘æˆæ—¥éƒ½è¬›,5,EricTheodoreCartmanLovesTrump: æˆ‘æˆæ—¥éƒ½è¬›
è‹±åœ‹æˆ°ç·š å…¬æµ· 2.0 ğŸ‡¬ğŸ‡§ By Britons in Hong Kong/UK,2024,October,8,Tuesday,20:58:27,,ä½ è¦æ±‚å¥½ä½,5,nan: ä½ è¦æ±‚å¥½ä½
è‹±åœ‹æˆ°ç·š å…¬æµ· 2.0 ğŸ‡¬ğŸ‡§ By Britons in Hong Kong/UK,2024,October,8,Tuesday,20:47:24,,å””æ˜ä½ å—¡ä¹œ,5,nan: å””æ˜ä½ å—¡ä¹œ
è‹±åœ‹æˆ°ç·š å…¬æµ· 2.0 ğŸ‡¬ğŸ‡§ By Britons in Hong Kong/UK,2024,October,8,Tuesday,19:05:25,Abcd1234_2345,æ­¸è‹±æ´¾,3,Abcd1234_2345: æ­¸è‹±æ´¾
è‹±åœ‹æˆ°ç·š å…¬æµ· 2.0 ğŸ‡¬ğŸ‡§ By Britons in Hong Kong/UK,2024,October,8,Tuesday,19:05:15,Abcd1234_2345,ä¸­æ–‡å·®,3,Abcd1234_2345: ä¸­æ–‡å·®
è‹±åœ‹æˆ°ç·š å…¬æµ· 2.0 ğŸ‡¬ğŸ‡§ By Britons in Hong Kong/UK,2024,October,8,Tuesday,19:02:12,Abcd1234_2345,ç„¶å¾Œä»²é§åˆ°,5,Abcd1234_2345: ç„¶å¾Œä»²é§åˆ°
è‹±åœ‹æˆ°ç·š å…¬æµ· 2.0 ğŸ‡¬ğŸ‡§ By Britons in Hong Kong/UK,2024,October,8,Tuesday,18:59:31,captaincatho,æ“ºçˆ›å’ªæ“ºçˆ›,5,captaincatho: æ“ºçˆ›å’ªæ“ºçˆ›
è‹±åœ‹æˆ°ç·š å…¬æµ· 2.0 ğŸ‡¬ğŸ‡§ By Britons in Hong Kong/UK,2024,October,8,Tuesday,18:46:13,Abcd1234_2345,Pin,3,Abcd1234_2345: Pin
è‹±åœ‹æˆ°ç·š å…¬æµ· 2.0 ğŸ‡¬ğŸ‡§ By Britons in Hong Kong/UK,2024,October,8,Tuesday,15:25:33,EricTheodoreCartmanLovesTrump,ä¼°éŒ¯sor,5,EricTheodoreCartmanLovesTrump: ä¼°éŒ¯sor
è‹±åœ‹æˆ°ç·š å…¬æµ· 2.0 ğŸ‡¬ğŸ‡§ By Britons in Hong Kong/UK,2024,October,8,Tuesday,15:25:26,EricTheodoreCartmanLovesTrump,æˆ‘ä¼°æ­Œä»”å§,5,EricTheodoreCartmanLovesTrump: æˆ‘ä¼°æ­Œä»”å§
è‹±åœ‹æˆ°ç·š å…¬æµ· 2.0 ğŸ‡¬ğŸ‡§ By Britons in Hong Kong/UK,2024,October,8,Tuesday,15:25:10,,å¥½æšˆ,2,nan: å¥½æšˆ
è‹±åœ‹æˆ°ç·š å…¬æµ· 2.0 ğŸ‡¬ğŸ‡§ By Britons in Hong Kong/UK,2024,October,8,Tuesday,15:21:43,EricTheodoreCartmanLovesTrump,aus,3,EricTheodoreCartmanLovesTrump: aus
è‹±åœ‹æˆ°ç·š å…¬æµ· 2.0 ğŸ‡¬ğŸ‡§ By Britons in Hong Kong/UK,2024,October,8,Tuesday,15:21:25,,èµ°å»é‚Šï¼Ÿ,4,nan: èµ°å»é‚Šï¼Ÿ
è‹±åœ‹æˆ°ç·š å…¬æµ· 2.0 ğŸ‡¬ğŸ‡§ By Britons in Hong Kong/UK,2024,October,8,Tuesday,14:28:58,,å°ç©é›»ï¼Ÿ,4,nan: å°ç©é›»ï¼Ÿ
è‹±åœ‹æˆ°ç·š å…¬æµ· 2.0 ğŸ‡¬ğŸ‡§ By Britons in Hong Kong/UK,2024,October,8,Tuesday,14:28:44,EricTheodoreCartmanLovesTrump,åŠå°é«”,3,EricTheodoreCartmanLovesTrump: åŠå°é«”
è‹±åœ‹æˆ°ç·š å…¬æµ· 2.0 ğŸ‡¬ğŸ‡§ By Britons in Hong Kong/UK,2024,October,8,Tuesday,14:27:05,,ç•¶ç„¶å””ä¿‚,4,nan: ç•¶ç„¶å””ä¿‚
è‹±åœ‹æˆ°ç·š å…¬æµ· 2.0 ğŸ‡¬ğŸ‡§ By Britons in Hong Kong/UK,2024,October,8,Tuesday,14:01:11,,é‚Šå¥ï¼Ÿ,3,nan: é‚Šå¥ï¼Ÿ
è‹±åœ‹æˆ°ç·š å…¬æµ· 2.0 ğŸ‡¬ğŸ‡§ By Britons in Hong Kong/UK,2024,October,8,Tuesday,13:55:50,,æœ€è¿‘æ‰¹å¿«å’—,5,nan: æœ€è¿‘æ‰¹å¿«å’—
è‹±åœ‹æˆ°ç·š å…¬æµ· 2.0 ğŸ‡¬ğŸ‡§ By Britons in Hong Kong/UK,2024,October,8,Tuesday,13:32:43,mochinchin,ç¬‘å’—,2,mochinchin: ç¬‘å’—
è‹±åœ‹æˆ°ç·š å…¬æµ· 2.0 ğŸ‡¬ğŸ‡§ By Britons in Hong Kong/UK,2024,October,8,Tuesday,5:38:35,captaincatho,å¿ƒæ­»,2,captaincatho: å¿ƒæ­»
è‹±åœ‹æˆ°ç·š å…¬æµ· 2.0 ğŸ‡¬ğŸ‡§ By Britons in Hong Kong/UK,2024,October,8,Tuesday,5:21:02,EricTheodoreCartmanLovesTrump,éƒ½èµ°å•¦,3,EricTheodoreCartmanLovesTrump: éƒ½èµ°å•¦
è‹±åœ‹æˆ°ç·š å…¬æµ· 2.0 ğŸ‡¬ğŸ‡§ By Britons in Hong Kong/UK,2024,October,8,Tuesday,5:20:59,EricTheodoreCartmanLovesTrump,ä¸éç®—å•¦,4,EricTheodoreCartmanLovesTrump: ä¸éç®—å•¦
è‹±åœ‹æˆ°ç·š å…¬æµ· 2.0 ğŸ‡¬ğŸ‡§ By Britons in Hong Kong/UK,2024,October,7,Monday,21:33:01,I_Love_Salad,è®Šæˆå¤§ç›£å€‰,5,I_Love_Salad: è®Šæˆå¤§ç›£å€‰
è‹±åœ‹æˆ°ç·š å…¬æµ· 2.0 ğŸ‡¬ğŸ‡§ By Britons in Hong Kong/UK,2024,October,7,Monday,16:20:58,GeraldG0,è¬è¬è§£é‡‹ğŸ˜Š,5,GeraldG0: è¬è¬è§£é‡‹ğŸ˜Š
è‹±åœ‹æˆ°ç·š å…¬æµ· 2.0 ğŸ‡¬ğŸ‡§ By Britons in Hong Kong/UK,2024,October,7,Monday,15:43:10,GeraldG0,é»æ¨£å””å¤¾ï¼Ÿ,5,GeraldG0: é»æ¨£å””å¤¾ï¼Ÿ
è‹±åœ‹æˆ°ç·š å…¬æµ· 2.0 ğŸ‡¬ğŸ‡§ By Britons in Hong Kong/UK,2024,October,6,Sunday,20:15:33,Windanz,åˆå‰µæ–°é«˜,4,Windanz: åˆå‰µæ–°é«˜
è‹±åœ‹æˆ°ç·š å…¬æµ· 2.0 ğŸ‡¬ğŸ‡§ By Britons in Hong Kong/UK,2024,October,6,Sunday,20:15:18,Windanz,å¿ƒç†å””æ­£å¸¸,5,Windanz: å¿ƒç†å””æ­£å¸¸
è‹±åœ‹æˆ°ç·š å…¬æµ· 2.0 ğŸ‡¬ğŸ‡§ By Britons in Hong Kong/UK,2024,October,6,Sunday,20:14:17,Windanz,York,4,Windanz: York
è‹±åœ‹æˆ°ç·š å…¬æµ· 2.0 ğŸ‡¬ğŸ‡§ By Britons in Hong Kong/UK,2024,October,6,Sunday,12:17:07,Xijianpin,å¤§å®¶åŠªåŠ›,4,Xijianpin: å¤§å®¶åŠªåŠ›
è‹±åœ‹æˆ°ç·š å…¬æµ· 2.0 ğŸ‡¬ğŸ‡§ By Britons in Hong Kong/UK,2024,October,6,Sunday,1:07:16,Windanz,ä¸€åˆ‡é †åˆ©ğŸ‘,5,Windanz: ä¸€åˆ‡é †åˆ©ğŸ‘
è‹±åœ‹æˆ°ç·š å…¬æµ· 2.0 ğŸ‡¬ğŸ‡§ By Britons in Hong Kong/UK,2024,October,5,Saturday,22:02:29,fullsuitrioter,pmed,4,fullsuitrioter: pmed
è‹±åœ‹æˆ°ç·š å…¬æµ· 2.0 ğŸ‡¬ğŸ‡§ By Britons in Hong Kong/UK,2024,October,5,Saturday,20:44:59,I_Love_Salad,ä¿‚å¹¾æ¬¾,3,I_Love_Salad: ä¿‚å¹¾æ¬¾
è‹±åœ‹æˆ°ç·š å…¬æµ· 2.0 ğŸ‡¬ğŸ‡§ By Britons in Hong Kong/UK,2024,October,5,Saturday,19:32:20,Windanz,ğŸ‘æŠµä½¢ä¼,4,Windanz: ğŸ‘æŠµä½¢ä¼
è‹±åœ‹æˆ°ç·š å…¬æµ· 2.0 ğŸ‡¬ğŸ‡§ By Britons in Hong Kong/UK,2024,October,5,Saturday,18:44:28,Windanz,å‹‡è€…,2,Windanz: å‹‡è€…
è‹±åœ‹æˆ°ç·š å…¬æµ· 2.0 ğŸ‡¬ğŸ‡§ By Britons in Hong Kong/UK,2024,October,5,Saturday,18:43:57,I_Love_Salad,å¥½å‘³ğŸ˜‹,3,I_Love_Salad: å¥½å‘³ğŸ˜‹
è‹±åœ‹æˆ°ç·š å…¬æµ· 2.0 ğŸ‡¬ğŸ‡§ By Britons in Hong Kong/UK,2024,October,5,Saturday,18:43:46,Windanz,/warn,5,Windanz: /warn
è‹±åœ‹æˆ°ç·š å…¬æµ· 2.0 ğŸ‡¬ğŸ‡§ By Britons in Hong Kong/UK,2024,October,5,Saturday,18:43:08,Windanz,æœ‰ç•¶ç„¶å¥½ğŸ‘,5,Windanz: æœ‰ç•¶ç„¶å¥½ğŸ‘
è‹±åœ‹æˆ°ç·š å…¬æµ· 2.0 ğŸ‡¬ğŸ‡§ By Britons in Hong Kong/UK,2024,October,5,Saturday,18:42:23,Windanz,åˆæœ‰å•¦ğŸ˜,4,Windanz: åˆæœ‰å•¦ğŸ˜
è‹±åœ‹æˆ°ç·š å…¬æµ· 2.0 ğŸ‡¬ğŸ‡§ By Britons in Hong Kong/UK,2024,October,5,Saturday,18:12:20,Windanz,åˆä¾†ã€‚,3,Windanz: åˆä¾†ã€‚
è‹±åœ‹æˆ°ç·š å…¬æµ· 2.0 ğŸ‡¬ğŸ‡§ By Britons in Hong Kong/UK,2024,October,5,Saturday,17:33:35,Xijianpin,é»åƒæ¢æ¯›?,5,Xijianpin: é»åƒæ¢æ¯›?
è‹±åœ‹æˆ°ç·š å…¬æµ· 2.0 ğŸ‡¬ğŸ‡§ By Britons in Hong Kong/UK,2024,October,5,Saturday,17:23:23,Windanz,å€«æ•¦æ›¸å±•,4,Windanz: å€«æ•¦æ›¸å±•
è‹±åœ‹æˆ°ç·š å…¬æµ· 2.0 ğŸ‡¬ğŸ‡§ By Britons in Hong Kong/UK,2024,October,5,Saturday,15:50:01,buddy4ever22,éš¨ä¾¿ ğŸ˜‚,4,buddy4ever22: éš¨ä¾¿ ğŸ˜‚
è‹±åœ‹æˆ°ç·š å…¬æµ· 2.0 ğŸ‡¬ğŸ‡§ By Britons in Hong Kong/UK,2024,October,5,Saturday,15:40:34,I_Love_Salad,å“¦,1,I_Love_Salad: å“¦
è‹±åœ‹æˆ°ç·š å…¬æµ· 2.0 ğŸ‡¬ğŸ‡§ By Britons in Hong Kong/UK,2024,October,5,Saturday,15:28:08,,å¤©å†‡è©±æœ‰,4,nan: å¤©å†‡è©±æœ‰
è‹±åœ‹æˆ°ç·š å…¬æµ· 2.0 ğŸ‡¬ğŸ‡§ By Britons in Hong Kong/UK,2024,October,5,Saturday,15:26:06,I_Love_Salad,å•å€‹å¤©,3,I_Love_Salad: å•å€‹å¤©
è‹±åœ‹æˆ°ç·š å…¬æµ· 2.0 ğŸ‡¬ğŸ‡§ By Britons in Hong Kong/UK,2024,October,5,Saturday,1:28:19,synnoveescape,åŒæ„,2,synnoveescape: åŒæ„
è‹±åœ‹æˆ°ç·š å…¬æµ· 2.0 ğŸ‡¬ğŸ‡§ By Britons in Hong Kong/UK,2024,October,4,Friday,22:40:26,synnoveescape,ä¿‚,1,synnoveescape: ä¿‚
è‹±åœ‹æˆ°ç·š å…¬æµ· 2.0 ğŸ‡¬ğŸ‡§ By Britons in Hong Kong/UK,2024,October,4,Friday,21:45:42,iphoneengineer,å’ªä¿‚å›‰ï¼,4,iphoneengineer: å’ªä¿‚å›‰ï¼
è‹±åœ‹æˆ°ç·š å…¬æµ· 2.0 ğŸ‡¬ğŸ‡§ By Britons in Hong Kong/UK,2024,October,4,Friday,21:42:47,synnoveescape,é¦™æ¸¯å¤§æŠŠæ€,5,synnoveescape: é¦™æ¸¯å¤§æŠŠæ€
è‹±åœ‹æˆ°ç·š å…¬æµ· 2.0 ğŸ‡¬ğŸ‡§ By Britons in Hong Kong/UK,2024,October,4,Friday,21:29:25,synnoveescape,å»å¦å¤–å€‹å€,5,synnoveescape: å»å¦å¤–å€‹å€
è‹±åœ‹æˆ°ç·š å…¬æµ· 2.0 ğŸ‡¬ğŸ‡§ By Britons in Hong Kong/UK,2024,October,4,Friday,21:23:07,synnoveescape,å¥½,1,synnoveescape: å¥½
è‹±åœ‹æˆ°ç·š å…¬æµ· 2.0 ğŸ‡¬ğŸ‡§ By Britons in Hong Kong/UK,2024,October,4,Friday,21:17:53,synnoveescape,å»é‚Šï¼Ÿ,3,synnoveescape: å»é‚Šï¼Ÿ
è‹±åœ‹æˆ°ç·š å…¬æµ· 2.0 ğŸ‡¬ğŸ‡§ By Britons in Hong Kong/UK,2024,October,4,Friday,17:13:12,fullsuitrioter,æ’³å®Œäº†,3,fullsuitrioter: æ’³å®Œäº†
è‹±åœ‹æˆ°ç·š å…¬æµ· 2.0 ğŸ‡¬ğŸ‡§ By Britons in Hong Kong/UK,2024,October,4,Friday,16:59:23,,æœ‰å””æ˜å†å•,5,nan: æœ‰å””æ˜å†å•
è‹±åœ‹æˆ°ç·š å…¬æµ· 2.0 ğŸ‡¬ğŸ‡§ By Britons in Hong Kong/UK,2024,October,4,Friday,16:55:20,fullsuitrioter,æœ‰çš„,2,fullsuitrioter: æœ‰çš„
è‹±åœ‹æˆ°ç·š å…¬æµ· 2.0 ğŸ‡¬ğŸ‡§ By Britons in Hong Kong/UK,2024,October,4,Friday,16:49:54,charlesyeungg,æ­£è§£,2,charlesyeungg: æ­£è§£
è‹±åœ‹æˆ°ç·š å…¬æµ· 2.0 ğŸ‡¬ğŸ‡§ By Britons in Hong Kong/UK,2024,October,4,Friday,15:27:13,synnoveescape,å¤§å®¶åŠ æ²¹,4,synnoveescape: å¤§å®¶åŠ æ²¹
è‹±åœ‹æˆ°ç·š å…¬æµ· 2.0 ğŸ‡¬ğŸ‡§ By Britons in Hong Kong/UK,2024,October,4,Friday,14:23:45,a880889,SoğŸ˜‚?,4,a880889: SoğŸ˜‚?
è‹±åœ‹æˆ°ç·š å…¬æµ· 2.0 ğŸ‡¬ğŸ‡§ By Britons in Hong Kong/UK,2024,October,4,Friday,11:30:43,captaincatho,ç¿’å¤§å¥½é‡,4,captaincatho: ç¿’å¤§å¥½é‡
è‹±åœ‹æˆ°ç·š å…¬æµ· 2.0 ğŸ‡¬ğŸ‡§ By Britons in Hong Kong/UK,2024,October,4,Friday,8:26:32,,åˆæ˜¯ä¸­åœ‹äºº,5,nan: åˆæ˜¯ä¸­åœ‹äºº
è‹±åœ‹æˆ°ç·š å…¬æµ· 2.0 ğŸ‡¬ğŸ‡§ By Britons in Hong Kong/UK,2024,October,4,Friday,1:39:06,I_go_to_school_by_bus1,yes,3,I_go_to_school_by_bus1: yes
è‹±åœ‹æˆ°ç·š å…¬æµ· 2.0 ğŸ‡¬ğŸ‡§ By Britons in Hong Kong/UK,2024,October,4,Friday,1:33:18,,ä½¢å“‹æ€,3,nan: ä½¢å“‹æ€
è‹±åœ‹æˆ°ç·š å…¬æµ· 2.0 ğŸ‡¬ğŸ‡§ By Britons in Hong Kong/UK,2024,October,3,Thursday,23:41:53,Uncleblackcatbbch,ä¸€è¨€é©šé†’ğŸ˜†,5,Uncleblackcatbbch: ä¸€è¨€é©šé†’ğŸ˜†
è‹±åœ‹æˆ°ç·š å…¬æµ· 2.0 ğŸ‡¬ğŸ‡§ By Britons in Hong Kong/UK,2024,October,3,Thursday,22:56:57,Samsonws,ä¸èªè­˜,3,Samsonws: ä¸èªè­˜
è‹±åœ‹æˆ°ç·š å…¬æµ· 2.0 ğŸ‡¬ğŸ‡§ By Britons in Hong Kong/UK,2024,October,3,Thursday,22:26:18,Abcd1234_2345,è³£æ¸¯,2,Abcd1234_2345: è³£æ¸¯
è‹±åœ‹æˆ°ç·š å…¬æµ· 2.0 ğŸ‡¬ğŸ‡§ By Britons in Hong Kong/UK,2024,October,3,Thursday,17:22:51,Abcd1234_2345,ä¸‰è§’é—œä¿‚åšŸ,5,Abcd1234_2345: ä¸‰è§’é—œä¿‚åšŸ
è‹±åœ‹æˆ°ç·š å…¬æµ· 2.0 ğŸ‡¬ğŸ‡§ By Britons in Hong Kong/UK,2024,October,3,Thursday,17:13:14,Abcd1234_2345,ä½ ä¼°å“,3,Abcd1234_2345: ä½ ä¼°å“
è‹±åœ‹æˆ°ç·š å…¬æµ· 2.0 ğŸ‡¬ğŸ‡§ By Britons in Hong Kong/UK,2024,October,3,Thursday,17:12:45,CCCCCMint,ä½†å””ä¿‚å–,4,CCCCCMint: ä½†å””ä¿‚å–
è‹±åœ‹æˆ°ç·š å…¬æµ· 2.0 ğŸ‡¬ğŸ‡§ By Britons in Hong Kong/UK,2024,October,3,Thursday,16:55:59,synnoveescape,æ€•ç…©å””å¥½åš,5,synnoveescape: æ€•ç…©å””å¥½åš
è‹±åœ‹æˆ°ç·š å…¬æµ· 2.0 ğŸ‡¬ğŸ‡§ By Britons in Hong Kong/UK,2024,October,3,Thursday,16:41:54,Abcd1234_2345,åˆ†æ›¬å·¥å—±ğŸ˜¹,5,Abcd1234_2345: åˆ†æ›¬å·¥å—±ğŸ˜¹
è‹±åœ‹æˆ°ç·š å…¬æµ· 2.0 ğŸ‡¬ğŸ‡§ By Britons in Hong Kong/UK,2024,October,3,Thursday,16:31:04,synnoveescape,OK,2,synnoveescape: OK
è‹±åœ‹æˆ°ç·š å…¬æµ· 2.0 ğŸ‡¬ğŸ‡§ By Britons in Hong Kong/UK,2024,October,3,Thursday,16:28:18,synnoveescape,æ›¼åŸé¦™æ¸¯æ——,5,synnoveescape: æ›¼åŸé¦™æ¸¯æ——
è‹±åœ‹æˆ°ç·š å…¬æµ· 2.0 ğŸ‡¬ğŸ‡§ By Britons in Hong Kong/UK,2024,October,3,Thursday,16:26:25,Abcd1234_2345,é¦™æ¸¯æ——å‘€å«,5,Abcd1234_2345: é¦™æ¸¯æ——å‘€å«
è‹±åœ‹æˆ°ç·š å…¬æµ· 2.0 ğŸ‡¬ğŸ‡§ By Britons in Hong Kong/UK,2024,October,3,Thursday,16:26:07,synnoveescape,å°±ä¿‚å’,3,synnoveescape: å°±ä¿‚å’
è‹±åœ‹æˆ°ç·š å…¬æµ· 2.0 ğŸ‡¬ğŸ‡§ By Britons in Hong Kong/UK,2024,October,3,Thursday,16:09:53,synnoveescape,å³ä¿‚é»,3,synnoveescape: å³ä¿‚é»
è‹±åœ‹æˆ°ç·š å…¬æµ· 2.0 ğŸ‡¬ğŸ‡§ By Britons in Hong Kong/UK,2024,October,3,Thursday,15:59:27,synnoveescape,å””ä¸€å®š,3,synnoveescape: å””ä¸€å®š
è‹±åœ‹æˆ°ç·š å…¬æµ· 2.0 ğŸ‡¬ğŸ‡§ By Britons in Hong Kong/UK,2024,October,3,Thursday,14:02:51,synnoveescape,Clear,5,synnoveescape: Clear
è‹±åœ‹æˆ°ç·š å…¬æµ· 2.0 ğŸ‡¬ğŸ‡§ By Britons in Hong Kong/UK,2024,October,3,Thursday,13:27:27,Abcd1234_2345,é‚Šæ¬¡ä¿‚ç„¡ã—,5,Abcd1234_2345: é‚Šæ¬¡ä¿‚ç„¡ã—
è‹±åœ‹æˆ°ç·š å…¬æµ· 2.0 ğŸ‡¬ğŸ‡§ By Britons in Hong Kong/UK,2024,October,3,Thursday,13:17:47,Abcd1234_2345,å°æ¯”ä¹‹å‰,4,Abcd1234_2345: å°æ¯”ä¹‹å‰
è‹±åœ‹æˆ°ç·š å…¬æµ· 2.0 ğŸ‡¬ğŸ‡§ By Britons in Hong Kong/UK,2024,October,3,Thursday,0:52:30,Abcd1234_2345,æ­£ç¶“è¿”å…ˆ,4,Abcd1234_2345: æ­£ç¶“è¿”å…ˆ
è‹±åœ‹æˆ°ç·š å…¬æµ· 2.0 ğŸ‡¬ğŸ‡§ By Britons in Hong Kong/UK,2024,October,3,Thursday,0:30:19,Abcd1234_2345,å¯æƒœ,2,Abcd1234_2345: å¯æƒœ
è‹±åœ‹æˆ°ç·š å…¬æµ· 2.0 ğŸ‡¬ğŸ‡§ By Britons in Hong Kong/UK,2024,October,3,Thursday,0:00:05,Abcd1234_2345,ä½ å¤ æƒ¡å’ªå¾—,5,Abcd1234_2345: ä½ å¤ æƒ¡å’ªå¾—
è‹±åœ‹æˆ°ç·š å…¬æµ· 2.0 ğŸ‡¬ğŸ‡§ By Britons in Hong Kong/UK,2024,October,2,Wednesday,23:58:47,,ç•¶ç„¶å•¦,3,nan: ç•¶ç„¶å•¦
è‹±åœ‹æˆ°ç·š å…¬æµ· 2.0 ğŸ‡¬ğŸ‡§ By Britons in Hong Kong/UK,2024,October,2,Wednesday,23:45:32,Abcd1234_2345,ä¿‚å’ªå’ï¼Ÿ,4,Abcd1234_2345: ä¿‚å’ªå’ï¼Ÿ
è‹±åœ‹æˆ°ç·š å…¬æµ· 2.0 ğŸ‡¬ğŸ‡§ By Britons in Hong Kong/UK,2024,October,2,Wednesday,23:36:12,Abcd1234_2345,ä¿‚çœŸä¿‚çœŸå¿ƒ,5,Abcd1234_2345: ä¿‚çœŸä¿‚çœŸå¿ƒ
è‹±åœ‹æˆ°ç·š å…¬æµ· 2.0 ğŸ‡¬ğŸ‡§ By Britons in Hong Kong/UK,2024,October,2,Wednesday,22:44:59,Abcd1234_2345,æˆ‘ç‡å…§æ¶µã—,5,Abcd1234_2345: æˆ‘ç‡å…§æ¶µã—
è‹±åœ‹æˆ°ç·š å…¬æµ· 2.0 ğŸ‡¬ğŸ‡§ By Britons in Hong Kong/UK,2024,October,2,Wednesday,22:44:33,Abcd1234_2345,å…§å®¹,2,Abcd1234_2345: å…§å®¹
è‹±åœ‹æˆ°ç·š å…¬æµ· 2.0 ğŸ‡¬ğŸ‡§ By Britons in Hong Kong/UK,2024,October,2,Wednesday,20:20:02,Windanz,ä½ é£Ÿé‚Šéš»,4,Windanz: ä½ é£Ÿé‚Šéš»
è‹±åœ‹æˆ°ç·š å…¬æµ· 2.0 ğŸ‡¬ğŸ‡§ By Britons in Hong Kong/UK,2024,October,2,Wednesday,18:31:29,coldwintercc,é¡˜èå…¶è©³,4,coldwintercc: é¡˜èå…¶è©³
è‹±åœ‹æˆ°ç·š å…¬æµ· 2.0 ğŸ‡¬ğŸ‡§ By Britons in Hong Kong/UK,2024,October,2,Wednesday,15:07:56,Samsonws,æ˜¨å¤©,2,Samsonws: æ˜¨å¤©
è‹±åœ‹æˆ°ç·š å…¬æµ· 2.0 ğŸ‡¬ğŸ‡§ By Britons in Hong Kong/UK,2024,October,2,Wednesday,14:49:24,oooopekdm,ä»Šå¤©å—,3,oooopekdm: ä»Šå¤©å—
è‹±åœ‹æˆ°ç·š å…¬æµ· 2.0 ğŸ‡¬ğŸ‡§ By Britons in Hong Kong/UK,2024,October,2,Wednesday,11:16:16,,åˆæ˜¯ä¸­åœ‹äºº,5,nan: åˆæ˜¯ä¸­åœ‹äºº
è‹±åœ‹æˆ°ç·š å…¬æµ· 2.0 ğŸ‡¬ğŸ‡§ By Britons in Hong Kong/UK,2024,October,1,Tuesday,18:17:13,Windanz,/warn,5,Windanz: /warn
è‹±åœ‹æˆ°ç·š å…¬æµ· 2.0 ğŸ‡¬ğŸ‡§ By Britons in Hong Kong/UK,2024,October,1,Tuesday,17:35:03,,å¤§è‚šè…©,3,nan: å¤§è‚šè…©
è‹±åœ‹æˆ°ç·š å…¬æµ· 2.0 ğŸ‡¬ğŸ‡§ By Britons in Hong Kong/UK,2024,October,1,Tuesday,17:09:49,CCCCCMint,ä¸€é™£è¦‹,3,CCCCCMint: ä¸€é™£è¦‹
NottsStandsWithHKå…¬æµ·,2024,October,25,Friday,13:29:27,losumkiu,æ˜å¤©è¦‹,3,losumkiu: æ˜å¤©è¦‹
Bristol HKer Info Share,2024,October,3,Thursday,20:00:41,christopherfroggia,å’©äº‹ï¼Ÿ,3,christopherfroggia: å’©äº‹ï¼Ÿ
Ukæµå±‹æ­ä¼™,2024,October,30,Wednesday,19:35:38,Asaholemmm,è‹±åœ‹å¼å¹½é»˜,5,Asaholemmm: è‹±åœ‹å¼å¹½é»˜
Ukæµå±‹æ­ä¼™,2024,October,29,Tuesday,23:50:15,,ç¬‘é»æ™Œé‚Šï¼Ÿ,5,nan: ç¬‘é»æ™Œé‚Šï¼Ÿ
Ukæµå±‹æ­ä¼™,2024,October,27,Sunday,10:57:13,Luck4all,å””è¦‹å’—ï¼Ÿ,4,Luck4all: å””è¦‹å’—ï¼Ÿ
Ukæµå±‹æ­ä¼™,2024,October,21,Monday,15:32:52,,æˆ‘ä¸€æ—©å’è¬›,5,nan: æˆ‘ä¸€æ—©å’è¬›
Ukæµå±‹æ­ä¼™,2024,October,20,Sunday,22:25:11,pqmdhkeodhbd,å¥½,1,pqmdhkeodhbd: å¥½
Ukæµå±‹æ­ä¼™,2024,October,20,Sunday,22:23:37,pqmdhkeodhbd,å¹¾å¤šéŒ¢,3,pqmdhkeodhbd: å¹¾å¤šéŒ¢
Ukæµå±‹æ­ä¼™,2024,October,18,Friday,16:01:01,saladlam,ä»²è¦å’é•·ç´„,5,saladlam: ä»²è¦å’é•·ç´„
Ukæµå±‹æ­ä¼™,2024,October,9,Wednesday,9:32:37,,æ˜ç™½,2,nan: æ˜ç™½
Ukæµå±‹æ­ä¼™,2024,October,9,Wednesday,6:50:14,,ç…§å«,2,nan: ç…§å«
Ukæµå±‹æ­ä¼™,2024,October,5,Saturday,22:25:19,pqmdhkeodhbd,å¤šè¬ä½ ,3,pqmdhkeodhbd: å¤šè¬ä½ 
Ukæµå±‹æ­ä¼™,2024,October,5,Saturday,22:20:36,pqmdhkeodhbd,æ­å–œ,2,pqmdhkeodhbd: æ­å–œ
Ukæµå±‹æ­ä¼™,2024,October,1,Tuesday,14:26:54,,é»å‘ƒæ³•ï¼Ÿ,4,nan: é»å‘ƒæ³•ï¼Ÿ
BNOæˆ¿å±‹èˆ‡æ ¡ç¶²å°,2024,October,22,Tuesday,22:26:29,govhk20,å¥½ææ€–,3,govhk20: å¥½ææ€–
BNO å‹•æ¼« é›»å½± éŸ³æ¨‚ è¨è«–å€,2024,October,28,Monday,22:57:29,zfanman,è—¤åŸé¾ä¹Ÿ,4,zfanman: è—¤åŸé¾ä¹Ÿ
BNO å‹•æ¼« é›»å½± éŸ³æ¨‚ è¨è«–å€,2024,October,19,Saturday,23:18:57,kumamoto_fatyeah,æœªwor,4,kumamoto_fatyeah: æœªwor
BNO å‹•æ¼« é›»å½± éŸ³æ¨‚ è¨è«–å€,2024,October,16,Wednesday,10:29:02,zfanman,å‹ ä½ çŸ¥,4,zfanman: å‹ ä½ çŸ¥
BNO å‹•æ¼« é›»å½± éŸ³æ¨‚ è¨è«–å€,2024,October,16,Wednesday,3:34:57,summer_eco,å””ä¿‚è·›å·¦ï¼Ÿ,5,summer_eco: å””ä¿‚è·›å·¦ï¼Ÿ
